str_level,query_id,median_ms,runs_success
str1,query_1,776.5,10
str1,query_2,1394.0,10
str1,query_union_U2,1257.0,10
str1,query_3,6518.0,10
str1,query_4,796.5,10
str1,query_union_U4,1772.0,10
str1,query_5,796.0,10
str1,query_6,2027.5,10
str1,query_7,612.0,10
str1,query_8,1420.5,10
str1,query_union_U8,3047.0,10
str1,query_9,1451.5,10
str1,query_10,3633.0,10
str1,query_11,792.0,10
str1,query_12,978.5,10
str1,query_13,562.5,10
str1,query_14,643.0,10
str1,query_15,513.5,10
str1,query_16,1734.5,10
str1,query_union_U16,6825.5,10
str1,query_17,802.5,10
str1,query_18,812.0,10
str1,query_19,1375.0,10
str1,query_20,2381.5,10
str1,query_21,1219.5,10
str1,query_22,1242.5,10
str1,query_23,1828.5,10
str1,query_24,699.0,10
str1,query_25,705.0,10
str1,query_26,1043.5,10
str1,query_27,934.5,10
str1,query_28,1138.5,10
str1,query_29,1359.5,10
str1,query_30,1384.5,10
str1,query_31,498.0,10
str1,query_32,1069.0,10
str1,query_union_U32,12192.0,10
str1,query_33,960.5,10
str1,query_34,1142.0,10
str1,query_35,8941.5,10
str1,query_36,1631.5,10
str1,query_37,858.0,10
str1,query_38,1527.5,10
str1,query_39,1787.0,10
str1,query_40,548.0,10
str1,query_41,1337.5,10
str1,query_42,1979.0,10
str1,query_43,1568.5,10
str1,query_44,713.5,10
str1,query_45,992.5,10
str1,query_46,3939.5,10
str1,query_47,1656.5,10
str1,query_48,2028.5,10
str1,query_49,1157.0,10
str1,query_50,997.0,10
str1,query_51,1785.5,10
str1,query_52,2395.5,10
str1,query_53,1459.0,10
str1,query_54,1117.0,10
str1,query_55,3648.0,10
str1,query_56,994.0,10
str1,query_57,589.5,10
str1,query_58,574.0,10
str1,query_59,1257.0,10
str1,query_60,592.0,10
str1,query_61,971.5,10
str1,query_62,470.0,10
str1,query_63,833.0,10
str1,query_64,442.5,10
str1,query_union_U64,29549.5,10
str1,query_65,474.0,10
str1,query_66,1300.5,10
str1,query_67,840.0,10
str1,query_68,1570.0,10
str1,query_69,4652.5,10
str1,query_70,1491.0,10
str1,query_71,1755.5,10
str1,query_72,1365.0,10
str1,query_73,939.5,10
str1,query_74,1148.5,10
str1,query_75,638.0,10
str1,query_76,1534.5,10
str1,query_77,1194.5,10
str1,query_78,1135.0,10
str1,query_79,1016.0,10
str1,query_80,513.0,10
str1,query_81,773.0,10
str1,query_82,859.0,10
str1,query_83,1296.0,10
str1,query_84,891.0,10
str1,query_85,699.5,10
str1,query_86,724.0,10
str1,query_87,1041.5,10
str1,query_88,474.0,10
str1,query_89,456.0,10
str1,query_90,691.5,10
str1,query_91,1390.0,10
str1,query_92,492.0,10
str1,query_93,2461.5,10
str1,query_94,764.5,10
str1,query_95,1222.5,10
str1,query_96,677.0,10
str1,query_97,1405.0,10
str1,query_98,1349.0,10
str1,query_99,1250.0,10
str1,query_union_U128,48122.5,10
str2,query_1,827.0,10
str2,query_2,1313.0,10
str2,query_union_U2,1191.5,10
str2,query_3,6433.0,10
str2,query_4,706.0,10
str2,query_union_U4,1639.5,10
str2,query_5,786.0,10
str2,query_6,1946.0,10
str2,query_7,607.0,10
str2,query_8,1222.0,10
str2,query_union_U8,3073.5,10
str2,query_9,1320.5,10
str2,query_10,3518.0,10
str2,query_11,857.5,10
str2,query_12,1070.5,10
str2,query_13,588.0,10
str2,query_14,712.5,10
str2,query_15,547.0,10
str2,query_16,1554.0,10
str2,query_union_U16,7729.5,10
str2,query_17,735.5,10
str2,query_18,821.5,10
str2,query_19,1160.0,10
str2,query_20,2332.0,10
str2,query_21,1356.5,10
str2,query_22,1181.5,10
str2,query_23,1702.5,10
str2,query_24,740.5,10
str2,query_25,721.5,10
str2,query_26,1019.0,10
str2,query_27,882.0,10
str2,query_28,1038.5,10
str2,query_29,1343.5,10
str2,query_30,1489.5,10
str2,query_31,534.0,10
str2,query_32,974.0,10
str2,query_union_U32,14700.5,10
str2,query_33,865.5,10
str2,query_34,1135.0,10
str2,query_35,8919.0,10
str2,query_36,1604.5,10
str2,query_37,918.0,10
str2,query_38,1651.5,10
str2,query_39,2424.5,10
str2,query_40,555.0,10
str2,query_41,1306.5,10
str2,query_42,2107.0,10
str2,query_43,1752.0,10
str2,query_44,676.5,10
str2,query_45,1092.0,10
str2,query_46,4763.0,10
str2,query_47,1693.5,10
str2,query_48,2005.0,10
str2,query_49,1173.0,10
str2,query_50,1082.5,10
str2,query_51,1996.5,10
str2,query_52,2397.5,10
str2,query_53,1275.0,10
str2,query_54,1275.0,10
str2,query_55,3627.0,10
str2,query_56,1049.0,10
str2,query_57,606.5,10
str2,query_58,552.0,10
str2,query_59,1154.0,10
str2,query_60,782.0,10
str2,query_61,954.5,10
str2,query_62,537.5,10
str2,query_63,826.0,10
str2,query_64,447.5,10
str2,query_union_U64,28124.0,10
str2,query_65,546.0,10
str2,query_66,1399.5,10
str2,query_67,867.5,10
str2,query_68,1793.0,10
str2,query_69,4788.5,10
str2,query_70,1647.5,10
str2,query_71,1931.0,10
str2,query_72,1259.0,10
str2,query_73,907.5,10
str2,query_74,1292.0,10
str2,query_75,658.5,10
str2,query_76,1710.0,10
str2,query_77,1338.0,10
str2,query_78,1281.5,10
str2,query_79,1005.5,10
str2,query_80,620.5,10
str2,query_81,821.0,10
str2,query_82,946.0,10
str2,query_83,1354.5,10
str2,query_84,1114.0,10
str2,query_85,774.0,10
str2,query_86,835.0,10
str2,query_87,1408.0,10
str2,query_88,567.5,10
str2,query_89,541.0,10
str2,query_90,795.5,10
str2,query_91,1471.0,10
str2,query_92,531.0,10
str2,query_93,2776.0,10
str2,query_94,1052.0,10
str2,query_95,1207.5,10
str2,query_96,708.5,10
str2,query_97,1309.5,10
str2,query_98,1411.5,10
str2,query_99,1368.5,10
str2,query_union_U128,50441.5,10
str3,query_1,776.0,10
str3,query_2,1355.0,10
str3,query_union_U2,1177.5,10
str3,query_3,6392.0,10
str3,query_4,709.5,10
str3,query_union_U4,1775.0,10
str3,query_5,845.0,10
str3,query_6,2031.5,10
str3,query_7,584.0,10
str3,query_8,1241.5,10
str3,query_union_U8,3580.0,10
str3,query_9,1307.0,10
str3,query_10,3774.5,10
str3,query_11,791.5,10
str3,query_12,926.5,10
str3,query_13,561.0,10
str3,query_14,699.0,10
str3,query_15,538.5,10
str3,query_16,1615.0,10
str3,query_union_U16,9072.0,10
str3,query_17,785.5,10
str3,query_18,832.5,10
str3,query_19,1191.0,10
str3,query_20,2609.5,10
str3,query_21,1343.5,10
str3,query_22,1295.5,10
str3,query_23,1803.0,10
str3,query_24,819.5,10
str3,query_25,727.0,10
str3,query_26,1146.5,10
str3,query_27,1066.5,10
str3,query_28,1123.5,10
str3,query_29,1434.0,10
str3,query_30,1626.0,10
str3,query_31,583.5,10
str3,query_32,1009.5,10
str3,query_union_U32,17555.0,10
str3,query_33,910.5,10
str3,query_34,1197.0,10
str3,query_35,8917.0,10
str3,query_36,1505.5,10
str3,query_37,951.0,10
str3,query_38,1803.5,10
str3,query_39,2445.5,10
str3,query_40,651.0,10
str3,query_41,1383.5,10
str3,query_42,2268.5,10
str3,query_43,1832.0,10
str3,query_44,699.0,10
str3,query_45,1229.5,10
str3,query_46,5828.5,10
str3,query_47,1726.0,10
str3,query_48,2022.5,10
str3,query_49,1154.5,10
str3,query_50,1125.5,10
str3,query_51,2083.0,10
str3,query_52,2459.0,10
str3,query_53,1391.0,10
str3,query_54,1353.0,10
str3,query_55,3836.0,10
str3,query_56,1092.5,10
str3,query_57,613.5,10
str3,query_58,531.5,10
str3,query_59,1184.0,10
str3,query_60,962.5,10
str3,query_61,1096.0,10
str3,query_62,493.5,10
str3,query_63,857.0,10
str3,query_64,536.0,10
str3,query_union_U64,33524.5,10
str3,query_65,483.5,10
str3,query_66,1383.0,10
str3,query_67,940.0,10
str3,query_68,1814.0,10
str3,query_69,5121.5,10
str3,query_70,1665.5,10
str3,query_71,2123.0,10
str3,query_72,1355.5,10
str3,query_73,987.0,10
str3,query_74,1241.5,10
str3,query_75,662.5,10
str3,query_76,1665.0,10
str3,query_77,1444.0,10
str3,query_78,1178.5,10
str3,query_79,1013.5,10
str3,query_80,537.5,10
str3,query_81,811.0,10
str3,query_82,918.5,10
str3,query_83,1296.5,10
str3,query_84,1083.0,10
str3,query_85,749.5,10
str3,query_86,773.5,10
str3,query_87,1381.5,10
str3,query_88,496.5,10
str3,query_89,466.0,10
str3,query_90,743.5,10
str3,query_91,1451.0,10
str3,query_92,510.0,10
str3,query_93,2727.5,10
str3,query_94,1011.0,10
str3,query_95,1256.0,10
str3,query_96,767.0,10
str3,query_97,1455.5,10
str3,query_98,1371.0,10
str3,query_99,1437.5,10
str3,query_union_U128,60216.5,10
str4,query_1,773.0,10
str4,query_2,1379.0,10
str4,query_union_U2,1286.5,10
str4,query_3,6443.0,10
str4,query_4,721.0,10
str4,query_union_U4,1784.5,10
str4,query_5,739.0,10
str4,query_6,2032.0,10
str4,query_7,577.5,10
str4,query_8,1312.5,10
str4,query_union_U8,3620.0,10
str4,query_9,1361.5,10
str4,query_10,4055.5,10
str4,query_11,830.5,10
str4,query_12,945.0,10
str4,query_13,615.5,10
str4,query_14,638.5,10
str4,query_15,536.0,10
str4,query_16,1622.0,10
str4,query_union_U16,9134.0,10
str4,query_17,741.0,10
str4,query_18,866.5,10
str4,query_19,1125.0,10
str4,query_20,2619.0,10
str4,query_21,1374.5,10
str4,query_22,1240.5,10
str4,query_23,1944.0,10
str4,query_24,838.0,10
str4,query_25,713.0,10
str4,query_26,1170.0,10
str4,query_27,1028.5,10
str4,query_28,1258.0,10
str4,query_29,1396.5,10
str4,query_30,1531.0,10
str4,query_31,590.0,10
str4,query_32,1027.5,10
str4,query_union_U32,17465.5,10
str4,query_33,866.5,10
str4,query_34,1108.0,10
str4,query_35,8885.0,10
str4,query_36,1516.0,10
str4,query_37,980.5,10
str4,query_38,1681.5,10
str4,query_39,2504.0,10
str4,query_40,619.0,10
str4,query_41,1481.0,10
str4,query_42,2272.5,10
str4,query_43,1815.5,10
str4,query_44,768.5,10
str4,query_45,1213.0,10
str4,query_46,5965.0,10
str4,query_47,1925.5,10
str4,query_48,1997.5,10
str4,query_49,1245.5,10
str4,query_50,1198.0,10
str4,query_51,2209.0,10
str4,query_52,2463.0,10
str4,query_53,1590.5,10
str4,query_54,1499.5,10
str4,query_55,3835.0,10
str4,query_56,1159.5,10
str4,query_57,749.0,10
str4,query_58,627.5,10
str4,query_59,1212.5,10
str4,query_60,1036.5,10
str4,query_61,1078.0,10
str4,query_62,526.0,10
str4,query_63,919.0,10
str4,query_64,533.0,10
str4,query_union_U64,33445.0,10
str4,query_65,489.5,10
str4,query_66,1403.5,10
str4,query_67,914.5,10
str4,query_68,1877.5,10
str4,query_69,5202.0,10
str4,query_70,1669.0,10
str4,query_71,2139.0,10
str4,query_72,1343.5,10
str4,query_73,1047.5,10
str4,query_74,1275.0,10
str4,query_75,694.5,10
str4,query_76,1892.0,10
str4,query_77,1453.5,10
str4,query_78,1194.5,10
str4,query_79,1073.5,10
str4,query_80,534.0,10
str4,query_81,801.0,10
str4,query_82,959.5,10
str4,query_83,1330.0,10
str4,query_84,1085.5,10
str4,query_85,710.5,10
str4,query_86,760.0,10
str4,query_87,1379.0,10
str4,query_88,520.0,10
str4,query_89,468.5,10
str4,query_90,789.5,10
str4,query_91,1463.5,10
str4,query_92,507.0,10
str4,query_93,2927.5,10
str4,query_94,1089.5,10
str4,query_95,1246.0,10
str4,query_96,762.0,10
str4,query_97,1648.5,10
str4,query_98,1409.0,10
str4,query_99,1586.0,10
str4,query_union_U128,60889.0,10
str5,query_1,821.5,10
str5,query_2,1250.0,10
str5,query_union_U2,1310.5,10
str5,query_3,6436.5,10
str5,query_4,726.5,10
str5,query_union_U4,1877.0,10
str5,query_5,757.0,10
str5,query_6,1960.0,10
str5,query_7,550.0,10
str5,query_8,1296.0,10
str5,query_union_U8,3624.0,10
str5,query_9,1332.0,10
str5,query_10,3937.5,10
str5,query_11,744.0,10
str5,query_12,968.5,10
str5,query_13,585.0,10
str5,query_14,709.5,10
str5,query_15,535.5,10
str5,query_16,1610.0,10
str5,query_union_U16,9235.0,10
str5,query_17,796.0,10
str5,query_18,888.5,10
str5,query_19,1155.5,10
str5,query_20,2648.0,10
str5,query_21,1495.5,10
str5,query_22,1257.0,10
str5,query_23,1849.0,10
str5,query_24,770.0,10
str5,query_25,708.5,10
str5,query_26,1175.5,10
str5,query_27,1042.0,10
str5,query_28,1184.5,10
str5,query_29,1353.0,10
str5,query_30,1561.0,10
str5,query_31,519.5,10
str5,query_32,1048.5,10
str5,query_union_U32,17560.5,10
str5,query_33,979.0,10
str5,query_34,1236.5,10
str5,query_35,8682.0,10
str5,query_36,1666.5,10
str5,query_37,965.5,10
str5,query_38,1701.5,10
str5,query_39,2433.0,10
str5,query_40,683.5,10
str5,query_41,1580.0,10
str5,query_42,2392.5,10
str5,query_43,1805.0,10
str5,query_44,730.5,10
str5,query_45,1283.0,10
str5,query_46,5513.0,10
str5,query_47,1849.5,10
str5,query_48,2082.5,10
str5,query_49,1183.0,10
str5,query_50,1181.5,10
str5,query_51,2154.0,10
str5,query_52,2398.5,10
str5,query_53,1535.0,10
str5,query_54,1454.5,10
str5,query_55,3527.5,10
str5,query_56,1170.0,10
str5,query_57,755.5,10
str5,query_58,590.0,10
str5,query_59,1201.5,10
str5,query_60,1106.5,10
str5,query_61,1129.0,10
str5,query_62,523.0,10
str5,query_63,949.0,10
str5,query_64,501.5,10
str5,query_union_U64,33474.0,10
str5,query_65,537.5,10
str5,query_66,1538.5,10
str5,query_67,951.0,10
str5,query_68,1844.5,10
str5,query_69,5181.0,10
str5,query_70,1705.5,10
str5,query_71,2250.0,10
str5,query_72,1374.5,10
str5,query_73,1089.5,10
str5,query_74,1328.5,10
str5,query_75,726.0,10
str5,query_76,1834.0,10
str5,query_77,1518.5,10
str5,query_78,1285.0,10
str5,query_79,1099.5,10
str5,query_80,596.0,10
str5,query_81,847.5,10
str5,query_82,1001.0,10
str5,query_83,1322.0,10
str5,query_84,1099.5,10
str5,query_85,685.0,10
str5,query_86,784.0,10
str5,query_87,1374.0,10
str5,query_88,528.5,10
str5,query_89,466.0,10
str5,query_90,807.5,10
str5,query_91,1476.0,10
str5,query_92,529.0,10
str5,query_93,2818.0,10
str5,query_94,1035.5,10
str5,query_95,1287.5,10
str5,query_96,747.0,10
str5,query_97,1626.0,10
str5,query_98,1475.0,10
str5,query_99,1539.5,10
str5,query_union_U128,57899.5,10
str6,query_1,757.5,10
str6,query_2,1287.0,10
str6,query_union_U2,1308.5,10
str6,query_3,6287.0,10
str6,query_4,771.5,10
str6,query_union_U4,1844.5,10
str6,query_5,799.0,10
str6,query_6,2061.0,10
str6,query_7,590.0,10
str6,query_8,1394.5,10
str6,query_union_U8,3651.0,10
str6,query_9,1396.0,10
str6,query_10,4041.0,10
str6,query_11,828.0,10
str6,query_12,904.5,10
str6,query_13,625.5,10
str6,query_14,678.0,10
str6,query_15,549.5,10
str6,query_16,1667.0,10
str6,query_union_U16,9200.0,10
str6,query_17,746.0,10
str6,query_18,843.5,10
str6,query_19,1167.0,10
str6,query_20,2697.0,10
str6,query_21,1516.0,10
str6,query_22,1334.5,10
str6,query_23,1904.0,10
str6,query_24,792.0,10
str6,query_25,746.0,10
str6,query_26,1242.5,10
str6,query_27,1046.0,10
str6,query_28,1211.0,10
str6,query_29,1531.5,10
str6,query_30,1610.5,10
str6,query_31,581.0,10
str6,query_32,1005.5,10
str6,query_union_U32,17331.5,10
str6,query_33,953.0,10
str6,query_34,1243.0,10
str6,query_35,8902.0,10
str6,query_36,1655.5,10
str6,query_37,890.5,10
str6,query_38,1580.0,10
str6,query_39,2358.5,10
str6,query_40,567.5,10
str6,query_41,1460.5,10
str6,query_42,2282.0,10
str6,query_43,1790.0,10
str6,query_44,680.0,10
str6,query_45,1180.5,10
str6,query_46,5384.5,10
str6,query_47,1772.0,10
str6,query_48,2001.5,10
str6,query_49,1185.5,10
str6,query_50,1223.5,10
str6,query_51,2106.5,10
str6,query_52,2317.0,10
str6,query_53,1474.5,10
str6,query_54,1398.0,10
str6,query_55,3429.0,10
str6,query_56,1145.0,10
str6,query_57,688.0,10
str6,query_58,550.5,10
str6,query_59,1161.0,10
str6,query_60,971.0,10
str6,query_61,1035.0,10
str6,query_62,475.5,10
str6,query_63,840.5,10
str6,query_64,436.0,10
str6,query_union_U64,33110.5,10
str6,query_65,557.5,10
str6,query_66,1537.0,10
str6,query_67,988.0,10
str6,query_68,1808.0,10
str6,query_69,5160.0,10
str6,query_70,1705.0,10
str6,query_71,2192.5,10
str6,query_72,1344.5,10
str6,query_73,1099.5,10
str6,query_74,1346.5,10
str6,query_75,734.0,10
str6,query_76,1812.5,10
str6,query_77,1443.0,10
str6,query_78,1275.5,10
str6,query_79,1055.0,10
str6,query_80,535.5,10
str6,query_81,796.5,10
str6,query_82,924.0,10
str6,query_83,1392.0,10
str6,query_84,1070.5,10
str6,query_85,689.5,10
str6,query_86,771.0,10
str6,query_87,1381.5,10
str6,query_88,484.0,10
str6,query_89,467.5,10
str6,query_90,782.5,10
str6,query_91,1566.5,10
str6,query_92,510.0,10
str6,query_93,2824.0,10
str6,query_94,1006.0,10
str6,query_95,1305.5,10
str6,query_96,704.0,10
str6,query_97,1644.5,10
str6,query_98,1406.5,10
str6,query_99,1588.0,10
str6,query_union_U128,59475.5,10
str7,query_1,870.0,10
str7,query_2,1333.0,10
str7,query_union_U2,1306.0,10
str7,query_3,6515.5,10
str7,query_4,712.5,10
str7,query_union_U4,1866.5,10
str7,query_5,859.0,10
str7,query_6,2045.5,10
str7,query_7,556.0,10
str7,query_8,1393.0,10
str7,query_union_U8,3624.0,10
str7,query_9,1424.0,10
str7,query_10,4079.0,10
str7,query_11,791.5,10
str7,query_12,982.5,10
str7,query_13,620.0,10
str7,query_14,677.5,10
str7,query_15,532.5,10
str7,query_16,1567.5,10
str7,query_union_U16,9100.5,10
str7,query_17,773.5,10
str7,query_18,873.0,10
str7,query_19,1185.0,10
str7,query_20,2991.0,10
str7,query_21,1470.0,10
str7,query_22,1391.0,10
str7,query_23,2000.0,10
str7,query_24,826.0,10
str7,query_25,750.5,10
str7,query_26,1255.0,10
str7,query_27,1114.5,10
str7,query_28,1214.0,10
str7,query_29,1611.0,10
str7,query_30,1719.0,10
str7,query_31,596.5,10
str7,query_32,1072.5,10
str7,query_union_U32,17706.5,10
str7,query_33,920.5,10
str7,query_34,1273.0,10
str7,query_35,8853.0,10
str7,query_36,1615.0,10
str7,query_37,849.5,10
str7,query_38,1784.0,10
str7,query_39,2371.5,10
str7,query_40,688.0,10
str7,query_41,1607.5,10
str7,query_42,2343.0,10
str7,query_43,1741.5,10
str7,query_44,736.5,10
str7,query_45,1189.5,10
str7,query_46,5549.5,10
str7,query_47,1870.0,10
str7,query_48,2088.5,10
str7,query_49,1179.5,10
str7,query_50,1209.5,10
str7,query_51,2130.0,10
str7,query_52,2357.0,10
str7,query_53,1615.0,10
str7,query_54,1408.0,10
str7,query_55,3529.5,10
str7,query_56,1122.5,10
str7,query_57,725.5,10
str7,query_58,550.0,10
str7,query_59,1120.5,10
str7,query_60,1039.0,10
str7,query_61,1019.0,10
str7,query_62,478.0,10
str7,query_63,880.0,10
str7,query_64,450.5,10
str7,query_union_U64,33491.5,10
str7,query_65,488.0,10
str7,query_66,1784.0,10
str7,query_67,922.5,10
str7,query_68,1831.0,10
str7,query_69,5215.0,10
str7,query_70,1669.0,10
str7,query_71,2385.0,10
str7,query_72,1378.0,10
str7,query_73,1195.0,10
str7,query_74,1424.0,10
str7,query_75,665.0,10
str7,query_76,1885.0,10
str7,query_77,1551.0,10
str7,query_78,1246.0,10
str7,query_79,1128.0,10
str7,query_80,617.0,10
str7,query_81,848.0,10
str7,query_82,984.0,10
str7,query_83,1363.5,10
str7,query_84,1072.0,10
str7,query_85,686.5,10
str7,query_86,773.5,10
str7,query_87,1410.5,10
str7,query_88,469.0,10
str7,query_89,467.0,10
str7,query_90,735.0,10
str7,query_91,1645.5,10
str7,query_92,505.0,10
str7,query_93,2795.5,10
str7,query_94,1004.0,10
str7,query_95,1348.0,10
str7,query_96,703.5,10
str7,query_97,1610.5,10
str7,query_98,1394.5,10
str7,query_99,1650.5,10
str7,query_union_U128,57851.5,10
str8,query_1,835.5,10
str8,query_2,1353.5,10
str8,query_union_U2,1254.0,10
str8,query_3,6360.5,10
str8,query_4,746.0,10
str8,query_union_U4,1878.5,10
str8,query_5,841.0,10
str8,query_6,2128.5,10
str8,query_7,612.0,10
str8,query_8,1365.5,10
str8,query_union_U8,3630.0,10
str8,query_9,1382.5,10
str8,query_10,4129.0,10
str8,query_11,811.0,10
str8,query_12,959.0,10
str8,query_13,668.5,10
str8,query_14,685.5,10
str8,query_15,527.5,10
str8,query_16,1704.0,10
str8,query_union_U16,9192.5,10
str8,query_17,711.5,10
str8,query_18,802.0,10
str8,query_19,1133.5,10
str8,query_20,3154.5,10
str8,query_21,1482.5,10
str8,query_22,1337.5,10
str8,query_23,1936.0,10
str8,query_24,753.0,10
str8,query_25,690.5,10
str8,query_26,1204.5,10
str8,query_27,1084.0,10
str8,query_28,1136.5,10
str8,query_29,1533.0,10
str8,query_30,1697.5,10
str8,query_31,497.0,10
str8,query_32,981.5,10
str8,query_union_U32,17517.0,10
str8,query_33,938.0,10
str8,query_34,1185.0,10
str8,query_35,8823.5,10
str8,query_36,1552.0,10
str8,query_37,803.5,10
str8,query_38,1757.5,10
str8,query_39,2467.5,10
str8,query_40,634.0,10
str8,query_41,1596.0,10
str8,query_42,2383.0,10
str8,query_43,1832.0,10
str8,query_44,767.5,10
str8,query_45,1212.5,10
str8,query_46,5526.5,10
str8,query_47,1829.5,10
str8,query_48,2084.0,10
str8,query_49,1234.0,10
str8,query_50,1270.0,10
str8,query_51,2142.5,10
str8,query_52,2425.5,10
str8,query_53,1610.0,10
str8,query_54,1475.0,10
str8,query_55,3491.0,10
str8,query_56,1121.5,10
str8,query_57,718.5,10
str8,query_58,625.5,10
str8,query_59,1185.0,10
str8,query_60,1032.5,10
str8,query_61,1053.5,10
str8,query_62,556.5,10
str8,query_63,871.0,10
str8,query_64,487.5,10
str8,query_union_U64,33702.0,10
str8,query_65,553.5,10
str8,query_66,1818.5,10
str8,query_67,926.0,10
str8,query_68,1848.5,10
str8,query_69,5197.5,10
str8,query_70,1723.5,10
str8,query_71,2366.0,10
str8,query_72,1402.5,10
str8,query_73,1231.5,10
str8,query_74,1491.0,10
str8,query_75,749.5,10
str8,query_76,1887.5,10
str8,query_77,1528.5,10
str8,query_78,1300.0,10
str8,query_79,1188.5,10
str8,query_80,624.5,10
str8,query_81,896.0,10
str8,query_82,993.5,10
str8,query_83,1451.5,10
str8,query_84,1148.0,10
str8,query_85,783.0,10
str8,query_86,819.0,10
str8,query_87,1514.5,10
str8,query_88,532.5,10
str8,query_89,525.5,10
str8,query_90,782.5,10
str8,query_91,1775.5,10
str8,query_92,588.0,10
str8,query_93,2883.5,10
str8,query_94,1016.5,10
str8,query_95,1413.5,10
str8,query_96,761.5,10
str8,query_97,1715.0,10
str8,query_98,1457.0,10
str8,query_99,1692.5,10
str8,query_union_U128,59871.0,10
str9,query_1,1001.0,10
str9,query_2,1538.0,10
str9,query_union_U2,1278.0,10
str9,query_3,6605.0,10
str9,query_4,737.5,10
str9,query_union_U4,1841.0,10
str9,query_5,805.0,10
str9,query_6,2116.5,10
str9,query_7,573.5,10
str9,query_8,1371.0,10
str9,query_union_U8,3596.5,10
str9,query_9,1384.0,10
str9,query_10,4254.5,10
str9,query_11,761.0,10
str9,query_12,897.5,10
str9,query_13,583.5,10
str9,query_14,678.5,10
str9,query_15,465.0,10
str9,query_16,1739.0,10
str9,query_union_U16,9255.0,10
str9,query_17,727.5,10
str9,query_18,806.0,10
str9,query_19,1197.5,10
str9,query_20,3215.0,10
str9,query_21,1537.5,10
str9,query_22,1413.5,10
str9,query_23,1968.0,10
str9,query_24,746.5,10
str9,query_25,683.5,10
str9,query_26,1190.5,10
str9,query_27,1132.0,10
str9,query_28,1181.5,10
str9,query_29,1632.0,10
str9,query_30,1721.0,10
str9,query_31,524.0,10
str9,query_32,1012.5,10
str9,query_union_U32,17530.0,10
str9,query_33,1009.5,10
str9,query_34,1204.5,10
str9,query_35,8934.5,10
str9,query_36,1609.5,10
str9,query_37,829.5,10
str9,query_38,1765.0,10
str9,query_39,2396.0,10
str9,query_40,677.0,10
str9,query_41,1649.5,10
str9,query_42,2321.0,10
str9,query_43,1787.5,10
str9,query_44,729.0,10
str9,query_45,1301.5,10
str9,query_46,5546.0,10
str9,query_47,1762.5,10
str9,query_48,2054.0,10
str9,query_49,1202.5,10
str9,query_50,1234.5,10
str9,query_51,2093.0,10
str9,query_52,2331.5,10
str9,query_53,1607.0,10
str9,query_54,1494.5,10
str9,query_55,3508.0,10
str9,query_56,1217.5,10
str9,query_57,669.5,10
str9,query_58,553.0,10
str9,query_59,1252.5,10
str9,query_60,1066.0,10
str9,query_61,1084.5,10
str9,query_62,483.0,10
str9,query_63,866.5,10
str9,query_64,447.0,10
str9,query_union_U64,31307.5,10
str9,query_65,489.0,10
str9,query_66,2461.5,10
str9,query_67,1058.5,10
str9,query_68,1959.0,10
str9,query_69,5335.0,10
str9,query_70,1656.0,10
str9,query_71,2409.5,10
str9,query_72,1544.0,10
str9,query_73,1204.5,10
str9,query_74,1435.0,10
str9,query_75,808.0,10
str9,query_76,1812.5,10
str9,query_77,1474.0,10
str9,query_78,1230.5,10
str9,query_79,1129.5,10
str9,query_80,630.5,10
str9,query_81,819.5,10
str9,query_82,1000.0,10
str9,query_83,1440.0,10
str9,query_84,1106.5,10
str9,query_85,954.5,10
str9,query_86,768.0,10
str9,query_87,1532.0,10
str9,query_88,497.5,10
str9,query_89,517.0,10
str9,query_90,781.0,10
str9,query_91,1749.5,10
str9,query_92,513.5,10
str9,query_93,2856.5,10
str9,query_94,1034.0,10
str9,query_95,1367.5,10
str9,query_96,703.5,10
str9,query_97,1696.0,10
str9,query_98,1428.5,10
str9,query_99,1688.0,10
str9,query_union_U128,58234.5,10
str10,query_1,1275.5,10
str10,query_2,1789.0,10
str10,query_union_U2,1672.5,10
str10,query_3,7717.5,10
str10,query_4,1349.5,10
str10,query_union_U4,2186.0,10
str10,query_5,1112.5,10
str10,query_6,2302.5,10
str10,query_7,831.0,10
str10,query_8,1701.0,10
str10,query_union_U8,3921.5,10
str10,query_9,1721.5,10
str10,query_10,4476.0,10
str10,query_11,1089.5,10
str10,query_12,1178.5,10
str10,query_13,946.5,10
str10,query_14,942.5,10
str10,query_15,802.0,10
str10,query_16,2071.5,10
str10,query_union_U16,9475.5,10
str10,query_17,1050.5,10
str10,query_18,1064.0,10
str10,query_19,1511.5,10
str10,query_20,3457.0,10
str10,query_21,1758.5,10
str10,query_22,1733.0,10
str10,query_23,2018.0,10
str10,query_24,1151.5,10
str10,query_25,1000.5,10
str10,query_26,1515.0,10
str10,query_27,1450.0,10
str10,query_28,1388.5,10
str10,query_29,1859.5,10
str10,query_30,1941.0,10
str10,query_31,1081.0,10
str10,query_32,1344.0,10
str10,query_union_U32,17800.5,10
str10,query_33,1218.5,10
str10,query_34,1535.5,10
str10,query_35,9513.5,10
str10,query_36,1919.5,10
str10,query_37,1154.0,10
str10,query_38,2025.0,10
str10,query_39,2705.0,10
str10,query_40,1033.5,10
str10,query_41,1866.5,10
str10,query_42,2656.5,10
str10,query_43,2189.5,10
str10,query_44,1019.5,10
str10,query_45,1637.5,10
str10,query_46,5815.5,10
str10,query_47,2166.0,10
str10,query_48,2419.5,10
str10,query_49,1512.5,10
str10,query_50,1535.5,10
str10,query_51,2427.5,10
str10,query_52,2674.0,10
str10,query_53,1873.0,10
str10,query_54,1733.0,10
str10,query_55,3788.0,10
str10,query_56,1528.5,10
str10,query_57,1024.0,10
str10,query_58,903.5,10
str10,query_59,1662.5,10
str10,query_60,1572.0,10
str10,query_61,1368.5,10
str10,query_62,821.0,10
str10,query_63,1424.5,10
str10,query_64,810.5,10
str10,query_union_U64,33824.5,10
str10,query_65,843.0,10
str10,query_66,2886.0,10
str10,query_67,1353.0,10
str10,query_68,2215.5,10
str10,query_69,7374.0,10
str10,query_70,2010.5,10
str10,query_71,2759.0,10
str10,query_72,1860.0,10
str10,query_73,1537.5,10
str10,query_74,1783.0,10
str10,query_75,1024.0,10
str10,query_76,2127.0,10
str10,query_77,1729.5,10
str10,query_78,1458.0,10
str10,query_79,1326.5,10
str10,query_80,783.5,10
str10,query_81,1048.0,10
str10,query_82,1268.0,10
str10,query_83,1728.0,10
str10,query_84,1299.0,10
str10,query_85,962.0,10
str10,query_86,995.0,10
str10,query_87,1701.5,10
str10,query_88,1231.0,10
str10,query_89,671.0,10
str10,query_90,965.0,10
str10,query_91,1939.0,10
str10,query_92,824.5,10
str10,query_93,3123.5,10
str10,query_94,1339.5,10
str10,query_95,1614.5,10
str10,query_96,1055.5,10
str10,query_97,1914.0,10
str10,query_98,1845.0,10
str10,query_99,1829.5,10
str10,query_union_U128,60092.0,10
str5_len1,query_1,744.0,10
str5_len1,query_2,1370.5,10
str5_len1,query_union_U2,1292.5,10
str5_len1,query_3,6332.5,10
str5_len1,query_4,728.5,10
str5_len1,query_union_U4,1863.0,10
str5_len1,query_5,866.0,10
str5_len1,query_6,1971.0,10
str5_len1,query_7,624.5,10
str5_len1,query_8,1373.0,10
str5_len1,query_union_U8,3624.0,10
str5_len1,query_9,1405.0,10
str5_len1,query_10,4014.5,10
str5_len1,query_11,834.0,10
str5_len1,query_12,995.5,10
str5_len1,query_13,620.5,10
str5_len1,query_14,728.5,10
str5_len1,query_15,536.0,10
str5_len1,query_16,1569.5,10
str5_len1,query_union_U16,9241.0,10
str5_len1,query_17,794.0,10
str5_len1,query_18,869.0,10
str5_len1,query_19,1194.0,10
str5_len1,query_20,2646.0,10
str5_len1,query_21,1521.5,10
str5_len1,query_22,1280.5,10
str5_len1,query_23,1912.5,10
str5_len1,query_24,919.5,10
str5_len1,query_25,748.5,10
str5_len1,query_26,1286.0,10
str5_len1,query_27,1115.0,10
str5_len1,query_28,1273.5,10
str5_len1,query_29,1408.0,10
str5_len1,query_30,1776.0,10
str5_len1,query_31,591.0,10
str5_len1,query_32,1024.0,10
str5_len1,query_union_U32,17552.5,10
str5_len1,query_33,962.0,10
str5_len1,query_34,1305.5,10
str5_len1,query_35,9025.5,10
str5_len1,query_36,1614.5,10
str5_len1,query_37,791.0,10
str5_len1,query_38,1761.0,10
str5_len1,query_39,2454.0,10
str5_len1,query_40,638.5,10
str5_len1,query_41,1607.0,10
str5_len1,query_42,2391.0,10
str5_len1,query_43,1844.0,10
str5_len1,query_44,812.5,10
str5_len1,query_45,1270.0,10
str5_len1,query_46,5543.5,10
str5_len1,query_47,2003.0,10
str5_len1,query_48,2114.5,10
str5_len1,query_49,1228.0,10
str5_len1,query_50,1158.5,10
str5_len1,query_51,2205.0,10
str5_len1,query_52,2421.0,10
str5_len1,query_53,1598.0,10
str5_len1,query_54,1502.5,10
str5_len1,query_55,3571.5,10
str5_len1,query_56,1177.5,10
str5_len1,query_57,750.5,10
str5_len1,query_58,593.0,10
str5_len1,query_59,1216.5,10
str5_len1,query_60,1077.0,10
str5_len1,query_61,1096.0,10
str5_len1,query_62,570.0,10
str5_len1,query_63,890.5,10
str5_len1,query_64,542.5,10
str5_len1,query_union_U64,33413.5,10
str5_len1,query_65,554.0,10
str5_len1,query_66,1523.5,10
str5_len1,query_67,1032.0,10
str5_len1,query_68,1819.5,10
str5_len1,query_69,5241.0,10
str5_len1,query_70,1794.0,10
str5_len1,query_71,2352.0,10
str5_len1,query_72,1302.5,10
str5_len1,query_73,1070.0,10
str5_len1,query_74,1280.5,10
str5_len1,query_75,701.5,10
str5_len1,query_76,1852.0,10
str5_len1,query_77,1502.0,10
str5_len1,query_78,1243.0,10
str5_len1,query_79,1077.0,10
str5_len1,query_80,538.0,10
str5_len1,query_81,818.0,10
str5_len1,query_82,925.0,10
str5_len1,query_83,1271.5,10
str5_len1,query_84,1098.5,10
str5_len1,query_85,714.0,10
str5_len1,query_86,768.0,10
str5_len1,query_87,1406.5,10
str5_len1,query_88,493.5,10
str5_len1,query_89,467.5,10
str5_len1,query_90,728.0,10
str5_len1,query_91,1465.5,10
str5_len1,query_92,509.5,10
str5_len1,query_93,2833.0,10
str5_len1,query_94,1301.0,10
str5_len1,query_95,1221.0,10
str5_len1,query_96,721.5,10
str5_len1,query_97,1622.0,10
str5_len1,query_98,1438.5,10
str5_len1,query_99,1536.5,10
str5_len1,query_union_U128,56468.5,10
str5_len2,query_1,752.0,10
str5_len2,query_2,1350.5,10
str5_len2,query_union_U2,1310.0,10
str5_len2,query_3,6553.0,10
str5_len2,query_4,769.0,10
str5_len2,query_union_U4,1875.5,10
str5_len2,query_5,879.0,10
str5_len2,query_6,2060.0,10
str5_len2,query_7,559.0,10
str5_len2,query_8,1454.0,10
str5_len2,query_union_U8,3671.0,10
str5_len2,query_9,1590.5,10
str5_len2,query_10,4307.5,10
str5_len2,query_11,759.0,10
str5_len2,query_12,890.0,10
str5_len2,query_13,556.0,10
str5_len2,query_14,617.0,10
str5_len2,query_15,463.5,10
str5_len2,query_16,1557.5,10
str5_len2,query_union_U16,9216.0,10
str5_len2,query_17,693.5,10
str5_len2,query_18,811.5,10
str5_len2,query_19,1238.5,10
str5_len2,query_20,2704.5,10
str5_len2,query_21,1532.5,10
str5_len2,query_22,1315.0,10
str5_len2,query_23,1908.5,10
str5_len2,query_24,930.0,10
str5_len2,query_25,683.5,10
str5_len2,query_26,1341.5,10
str5_len2,query_27,1121.5,10
str5_len2,query_28,1332.0,10
str5_len2,query_29,1473.0,10
str5_len2,query_30,1746.5,10
str5_len2,query_31,526.0,10
str5_len2,query_32,1063.5,10
str5_len2,query_union_U32,17651.5,10
str5_len2,query_33,926.5,10
str5_len2,query_34,1429.5,10
str5_len2,query_35,8698.0,10
str5_len2,query_36,1733.0,10
str5_len2,query_37,1034.5,10
str5_len2,query_38,1820.5,10
str5_len2,query_39,2340.5,10
str5_len2,query_40,636.5,10
str5_len2,query_41,1651.0,10
str5_len2,query_42,2445.5,10
str5_len2,query_43,1820.5,10
str5_len2,query_44,787.0,10
str5_len2,query_45,1257.0,10
str5_len2,query_46,5625.0,10
str5_len2,query_47,1918.5,10
str5_len2,query_48,2062.5,10
str5_len2,query_49,1177.5,10
str5_len2,query_50,1232.0,10
str5_len2,query_51,2327.0,10
str5_len2,query_52,2457.0,10
str5_len2,query_53,1800.5,10
str5_len2,query_54,1641.0,10
str5_len2,query_55,3559.5,10
str5_len2,query_56,1202.0,10
str5_len2,query_57,747.0,10
str5_len2,query_58,560.0,10
str5_len2,query_59,1255.0,10
str5_len2,query_60,1164.0,10
str5_len2,query_61,1134.0,10
str5_len2,query_62,563.0,10
str5_len2,query_63,866.5,10
str5_len2,query_64,541.0,10
str5_len2,query_union_U64,33879.0,10
str5_len2,query_65,489.0,10
str5_len2,query_66,1498.5,10
str5_len2,query_67,966.5,10
str5_len2,query_68,1949.0,10
str5_len2,query_69,5459.0,10
str5_len2,query_70,1707.0,10
str5_len2,query_71,2510.5,10
str5_len2,query_72,1409.0,10
str5_len2,query_73,1128.0,10
str5_len2,query_74,1329.0,10
str5_len2,query_75,714.0,10
str5_len2,query_76,2040.5,10
str5_len2,query_77,1625.5,10
str5_len2,query_78,1310.0,10
str5_len2,query_79,1067.5,10
str5_len2,query_80,532.0,10
str5_len2,query_81,832.0,10
str5_len2,query_82,980.5,10
str5_len2,query_83,1332.5,10
str5_len2,query_84,1122.0,10
str5_len2,query_85,709.5,10
str5_len2,query_86,769.5,10
str5_len2,query_87,1477.0,10
str5_len2,query_88,523.0,10
str5_len2,query_89,479.0,10
str5_len2,query_90,725.5,10
str5_len2,query_91,1649.5,10
str5_len2,query_92,531.5,10
str5_len2,query_93,3138.0,10
str5_len2,query_94,1608.5,10
str5_len2,query_95,1269.5,10
str5_len2,query_96,709.5,10
str5_len2,query_97,1887.5,10
str5_len2,query_98,1527.5,10
str5_len2,query_99,1721.5,10
str5_len2,query_union_U128,60449.5,10
str5_len3,query_1,856.5,10
str5_len3,query_2,1454.0,10
str5_len3,query_union_U2,1672.0,10
str5_len3,query_3,7033.0,10
str5_len3,query_4,925.5,10
str5_len3,query_union_U4,2497.0,10
str5_len3,query_5,874.5,10
str5_len3,query_6,2403.5,10
str5_len3,query_7,619.0,10
str5_len3,query_8,1603.5,10
str5_len3,query_union_U8,4931.0,10
str5_len3,query_9,1690.0,10
str5_len3,query_10,4637.5,10
str5_len3,query_11,819.0,10
str5_len3,query_12,921.0,10
str5_len3,query_13,677.0,10
str5_len3,query_14,743.5,10
str5_len3,query_15,555.5,10
str5_len3,query_16,1789.0,10
str5_len3,query_union_U16,12894.0,10
str5_len3,query_17,790.0,10
str5_len3,query_18,894.5,10
str5_len3,query_19,1312.0,10
str5_len3,query_20,2935.5,10
str5_len3,query_21,1735.5,10
str5_len3,query_22,1330.5,10
str5_len3,query_23,2102.5,10
str5_len3,query_24,1068.5,10
str5_len3,query_25,728.0,10
str5_len3,query_26,1402.0,10
str5_len3,query_27,1314.0,10
str5_len3,query_28,1328.0,10
str5_len3,query_29,1561.0,10
str5_len3,query_30,1930.0,10
str5_len3,query_31,592.0,10
str5_len3,query_32,1146.0,10
str5_len3,query_union_U32,24494.0,10
str5_len3,query_33,835.5,10
str5_len3,query_34,1506.5,10
str5_len3,query_35,9504.0,10
str5_len3,query_36,1638.0,10
str5_len3,query_37,835.0,10
str5_len3,query_38,1847.5,10
str5_len3,query_39,2328.0,10
str5_len3,query_40,569.0,10
str5_len3,query_41,1716.5,10
str5_len3,query_42,2688.5,10
str5_len3,query_43,1801.5,10
str5_len3,query_44,778.5,10
str5_len3,query_45,1352.0,10
str5_len3,query_46,6592.5,10
str5_len3,query_47,1983.5,10
str5_len3,query_48,2437.5,10
str5_len3,query_49,1211.5,10
str5_len3,query_50,1259.0,10
str5_len3,query_51,2280.0,10
str5_len3,query_52,2423.0,10
str5_len3,query_53,1815.5,10
str5_len3,query_54,1587.0,10
str5_len3,query_55,3559.0,10
str5_len3,query_56,1359.0,10
str5_len3,query_57,735.5,10
str5_len3,query_58,569.5,10
str5_len3,query_59,1353.0,10
str5_len3,query_60,1095.5,10
str5_len3,query_61,1240.5,10
str5_len3,query_62,479.0,10
str5_len3,query_63,826.5,10
str5_len3,query_64,487.5,10
str5_len3,query_union_U64,46351.0,10
str5_len3,query_65,484.5,10
str5_len3,query_66,2088.5,10
str5_len3,query_67,922.5,10
str5_len3,query_68,2012.0,10
str5_len3,query_69,5799.5,10
str5_len3,query_70,1787.5,10
str5_len3,query_71,2798.0,10
str5_len3,query_72,1537.0,10
str5_len3,query_73,1196.5,10
str5_len3,query_74,1387.5,10
str5_len3,query_75,704.0,10
str5_len3,query_76,2070.0,10
str5_len3,query_77,1643.0,10
str5_len3,query_78,1371.0,10
str5_len3,query_79,1169.0,10
str5_len3,query_80,533.5,10
str5_len3,query_81,844.5,10
str5_len3,query_82,1093.0,10
str5_len3,query_83,1437.0,10
str5_len3,query_84,1118.0,10
str5_len3,query_85,732.5,10
str5_len3,query_86,801.0,10
str5_len3,query_87,2956.0,10
str5_len3,query_88,470.0,10
str5_len3,query_89,469.0,10
str5_len3,query_90,728.0,10
str5_len3,query_91,1559.0,10
str5_len3,query_92,505.0,10
str5_len3,query_93,3051.5,10
str5_len3,query_94,1757.5,10
str5_len3,query_95,1317.5,10
str5_len3,query_96,719.5,10
str5_len3,query_97,2104.0,10
str5_len3,query_98,1564.0,10
str5_len3,query_99,1803.0,10
str5_len3,query_union_U128,80961.0,10
str5_len4,query_1,821.5,10
str5_len4,query_2,1506.5,10
str5_len4,query_union_U2,1619.5,10
str5_len4,query_3,7150.0,10
str5_len4,query_4,892.0,10
str5_len4,query_union_U4,2596.5,10
str5_len4,query_5,796.0,10
str5_len4,query_6,2365.0,10
str5_len4,query_7,576.0,10
str5_len4,query_8,1695.0,10
str5_len4,query_union_U8,5134.0,10
str5_len4,query_9,1747.5,10
str5_len4,query_10,5002.0,10
str5_len4,query_11,856.0,10
str5_len4,query_12,987.0,10
str5_len4,query_13,639.0,10
str5_len4,query_14,713.0,10
str5_len4,query_15,542.5,10
str5_len4,query_16,1854.5,10
str5_len4,query_union_U16,13374.5,10
str5_len4,query_17,769.5,10
str5_len4,query_18,926.0,10
str5_len4,query_19,1413.0,10
str5_len4,query_20,3182.0,10
str5_len4,query_21,1747.5,10
str5_len4,query_22,1457.0,10
str5_len4,query_23,1621.0,10
str5_len4,query_24,1140.5,10
str5_len4,query_25,685.5,10
str5_len4,query_26,1487.0,10
str5_len4,query_27,1315.0,10
str5_len4,query_28,1483.5,10
str5_len4,query_29,1664.5,10
str5_len4,query_30,1899.0,10
str5_len4,query_31,534.5,10
str5_len4,query_32,1233.5,10
str5_len4,query_union_U32,25568.0,10
str5_len4,query_33,900.0,10
str5_len4,query_34,1592.5,10
str5_len4,query_35,9210.5,10
str5_len4,query_36,1693.0,10
str5_len4,query_37,1080.0,10
str5_len4,query_38,2293.0,10
str5_len4,query_39,2392.5,10
str5_len4,query_40,601.5,10
str5_len4,query_41,1947.0,10
str5_len4,query_42,2687.0,10
str5_len4,query_43,1770.0,10
str5_len4,query_44,834.0,10
str5_len4,query_45,1450.5,10
str5_len4,query_46,5294.5,10
str5_len4,query_47,2045.5,10
str5_len4,query_48,2311.5,10
str5_len4,query_49,1266.0,10
str5_len4,query_50,1278.5,10
str5_len4,query_51,2361.0,10
str5_len4,query_52,2290.0,10
str5_len4,query_53,1948.5,10
str5_len4,query_54,1739.0,10
str5_len4,query_55,3584.0,10
str5_len4,query_56,1428.0,10
str5_len4,query_57,749.5,10
str5_len4,query_58,677.5,10
str5_len4,query_59,1374.5,10
str5_len4,query_60,1214.0,10
str5_len4,query_61,1282.5,10
str5_len4,query_62,561.0,10
str5_len4,query_63,915.0,10
str5_len4,query_64,543.0,10
str5_len4,query_union_U64,47372.0,10
str5_len4,query_65,541.0,10
str5_len4,query_66,1954.0,10
str5_len4,query_67,963.0,10
str5_len4,query_68,2124.5,10
str5_len4,query_69,5976.5,10
str5_len4,query_70,1723.5,10
str5_len4,query_71,3259.0,10
str5_len4,query_72,1586.0,10
str5_len4,query_73,1360.5,10
str5_len4,query_74,1513.0,10
str5_len4,query_75,811.5,10
str5_len4,query_76,2069.5,10
str5_len4,query_77,1823.5,10
str5_len4,query_78,1472.0,10
str5_len4,query_79,1296.5,10
str5_len4,query_80,601.5,10
str5_len4,query_81,924.5,10
str5_len4,query_82,1191.5,10
str5_len4,query_83,1565.0,10
str5_len4,query_84,1230.0,10
str5_len4,query_85,826.5,10
str5_len4,query_86,959.0,10
str5_len4,query_87,1674.0,10
str5_len4,query_88,605.5,10
str5_len4,query_89,583.0,10
str5_len4,query_90,895.5,10
str5_len4,query_91,1688.5,10
str5_len4,query_92,632.0,10
str5_len4,query_93,3292.5,10
str5_len4,query_94,2068.5,10
str5_len4,query_95,1549.0,10
str5_len4,query_96,867.0,10
str5_len4,query_97,2282.0,10
str5_len4,query_98,1686.5,10
str5_len4,query_99,1953.0,10
str5_len4,query_union_U128,88544.0,10
str5_len5,query_1,800.5,10
str5_len5,query_2,1571.5,10
str5_len5,query_union_U2,1618.0,10
str5_len5,query_3,7284.5,10
str5_len5,query_4,930.0,10
str5_len5,query_union_U4,2542.5,10
str5_len5,query_5,817.5,10
str5_len5,query_6,2387.0,10
str5_len5,query_7,568.0,10
str5_len5,query_8,1620.5,10
str5_len5,query_union_U8,5098.5,10
str5_len5,query_9,1703.5,10
str5_len5,query_10,5072.5,10
str5_len5,query_11,868.5,10
str5_len5,query_12,950.5,10
str5_len5,query_13,555.5,10
str5_len5,query_14,665.0,10
str5_len5,query_15,463.5,10
str5_len5,query_16,1833.0,10
str5_len5,query_union_U16,13489.0,10
str5_len5,query_17,699.5,10
str5_len5,query_18,849.5,10
str5_len5,query_19,1351.0,10
str5_len5,query_20,3303.5,10
str5_len5,query_21,1743.5,10
str5_len5,query_22,1454.5,10
str5_len5,query_23,2144.5,10
str5_len5,query_24,1186.5,10
str5_len5,query_25,697.5,10
str5_len5,query_26,1505.5,10
str5_len5,query_27,1371.0,10
str5_len5,query_28,1497.0,10
str5_len5,query_29,1711.0,10
str5_len5,query_30,1988.5,10
str5_len5,query_31,677.5,10
str5_len5,query_32,1253.5,10
str5_len5,query_union_U32,25765.0,10
str5_len5,query_33,975.0,10
str5_len5,query_34,1534.5,10
str5_len5,query_35,9472.5,10
str5_len5,query_36,1640.0,10
str5_len5,query_37,1079.5,10
str5_len5,query_38,2446.5,10
str5_len5,query_39,2381.5,10
str5_len5,query_40,651.5,10
str5_len5,query_41,2016.0,10
str5_len5,query_42,2685.5,10
str5_len5,query_43,1717.0,10
str5_len5,query_44,846.0,10
str5_len5,query_45,1364.5,10
str5_len5,query_46,7294.0,10
str5_len5,query_47,1996.5,10
str5_len5,query_48,2478.5,10
str5_len5,query_49,1196.0,10
str5_len5,query_50,1217.5,10
str5_len5,query_51,2415.0,10
str5_len5,query_52,2382.0,10
str5_len5,query_53,2026.5,10
str5_len5,query_54,1766.0,10
str5_len5,query_55,3614.5,10
str5_len5,query_56,1398.0,10
str5_len5,query_57,735.5,10
str5_len5,query_58,647.0,10
str5_len5,query_59,1439.5,10
str5_len5,query_60,1230.0,10
str5_len5,query_61,1246.0,10
str5_len5,query_62,484.0,10
str5_len5,query_63,813.0,10
str5_len5,query_64,497.0,10
str5_len5,query_union_U64,48215.0,10
str5_len5,query_65,550.5,10
str5_len5,query_66,2213.5,10
str5_len5,query_67,1125.5,10
str5_len5,query_68,2245.0,10
str5_len5,query_69,6019.0,10
str5_len5,query_70,1825.5,10
str5_len5,query_71,3374.0,10
str5_len5,query_72,1648.5,10
str5_len5,query_73,1344.0,10
str5_len5,query_74,1498.5,10
str5_len5,query_75,754.5,10
str5_len5,query_76,2157.0,10
str5_len5,query_77,1821.5,10
str5_len5,query_78,1473.0,10
str5_len5,query_79,1320.0,10
str5_len5,query_80,637.5,10
str5_len5,query_81,994.0,10
str5_len5,query_82,1184.0,10
str5_len5,query_83,1683.0,10
str5_len5,query_84,1205.0,10
str5_len5,query_85,848.5,10
str5_len5,query_86,936.0,10
str5_len5,query_87,1675.0,10
str5_len5,query_88,489.0,10
str5_len5,query_89,481.0,10
str5_len5,query_90,784.5,10
str5_len5,query_91,1618.5,10
str5_len5,query_92,564.0,10
str5_len5,query_93,3347.5,10
str5_len5,query_94,2298.5,10
str5_len5,query_95,1397.0,10
str5_len5,query_96,722.0,10
str5_len5,query_97,2321.0,10
str5_len5,query_98,1688.5,10
str5_len5,query_99,2209.0,10
str5_len5,query_union_U128,87176.5,10
str5_len7,query_1,867.0,10
str5_len7,query_2,1609.5,10
str5_len7,query_union_U2,1697.5,10
str5_len7,query_3,7424.5,10
str5_len7,query_4,863.0,10
str5_len7,query_union_U4,2696.5,10
str5_len7,query_5,918.0,10
str5_len7,query_6,2596.0,10
str5_len7,query_7,698.0,10
str5_len7,query_8,1698.5,10
str5_len7,query_union_U8,5239.0,10
str5_len7,query_9,1741.0,10
str5_len7,query_10,5608.0,10
str5_len7,query_11,909.0,10
str5_len7,query_12,1017.0,10
str5_len7,query_13,630.0,10
str5_len7,query_14,738.0,10
str5_len7,query_15,550.5,10
str5_len7,query_16,1854.0,10
str5_len7,query_union_U16,13474.5,10
str5_len7,query_17,748.5,10
str5_len7,query_18,864.0,10
str5_len7,query_19,1497.0,10
str5_len7,query_20,3343.5,10
str5_len7,query_21,1813.5,10
str5_len7,query_22,1548.5,10
str5_len7,query_23,1688.0,10
str5_len7,query_24,1323.0,10
str5_len7,query_25,737.0,10
str5_len7,query_26,1466.0,10
str5_len7,query_27,1374.0,10
str5_len7,query_28,1469.5,10
str5_len7,query_29,1785.5,10
str5_len7,query_30,1949.0,10
str5_len7,query_31,631.5,10
str5_len7,query_32,1253.5,10
str5_len7,query_union_U32,26887.0,10
str5_len7,query_33,955.0,10
str5_len7,query_34,1524.0,10
str5_len7,query_35,9559.5,10
str5_len7,query_36,1680.5,10
str5_len7,query_37,922.5,10
str5_len7,query_38,2410.0,10
str5_len7,query_39,1609.0,10
str5_len7,query_40,632.5,10
str5_len7,query_41,2022.5,10
str5_len7,query_42,2749.5,10
str5_len7,query_43,1776.5,10
str5_len7,query_44,838.5,10
str5_len7,query_45,1477.5,10
str5_len7,query_46,5780.0,10
str5_len7,query_47,2036.0,10
str5_len7,query_48,2474.5,10
str5_len7,query_49,1225.5,10
str5_len7,query_50,1232.0,10
str5_len7,query_51,2388.0,10
str5_len7,query_52,2291.0,10
str5_len7,query_53,2028.5,10
str5_len7,query_54,1713.5,10
str5_len7,query_55,3642.0,10
str5_len7,query_56,1436.0,10
str5_len7,query_57,731.5,10
str5_len7,query_58,676.5,10
str5_len7,query_59,1420.5,10
str5_len7,query_60,1248.5,10
str5_len7,query_61,1293.0,10
str5_len7,query_62,510.5,10
str5_len7,query_63,891.0,10
str5_len7,query_64,467.5,10
str5_len7,query_union_U64,46254.5,10
str5_len7,query_65,489.0,10
str5_len7,query_66,2036.0,10
str5_len7,query_67,1067.0,10
str5_len7,query_68,2278.5,10
str5_len7,query_69,6116.5,10
str5_len7,query_70,1683.0,10
str5_len7,query_71,3355.5,10
str5_len7,query_72,1613.5,10
str5_len7,query_73,1260.0,10
str5_len7,query_74,1412.0,10
str5_len7,query_75,768.0,10
str5_len7,query_76,2087.5,10
str5_len7,query_77,1718.0,10
str5_len7,query_78,1381.5,10
str5_len7,query_79,1219.0,10
str5_len7,query_80,540.0,10
str5_len7,query_81,903.5,10
str5_len7,query_82,1135.0,10
str5_len7,query_83,1597.5,10
str5_len7,query_84,1117.5,10
str5_len7,query_85,733.5,10
str5_len7,query_86,803.5,10
str5_len7,query_87,1663.5,10
str5_len7,query_88,518.0,10
str5_len7,query_89,487.5,10
str5_len7,query_90,760.5,10
str5_len7,query_91,1567.5,10
str5_len7,query_92,517.0,10
str5_len7,query_93,3303.5,10
str5_len7,query_94,2547.5,10
str5_len7,query_95,1433.0,10
str5_len7,query_96,715.5,10
str5_len7,query_97,2218.5,10
str5_len7,query_98,1607.5,10
str5_len7,query_99,2226.5,10
str5_len7,query_union_U128,85950.0,10
str5_len9,query_1,864.0,10
str5_len9,query_2,1704.5,10
str5_len9,query_union_U2,1810.0,10
str5_len9,query_3,7429.0,10
str5_len9,query_4,912.5,10
str5_len9,query_union_U4,2701.5,10
str5_len9,query_5,863.5,10
str5_len9,query_6,2711.0,10
str5_len9,query_7,576.5,10
str5_len9,query_8,1790.5,10
str5_len9,query_union_U8,5275.5,10
str5_len9,query_9,1788.5,10
str5_len9,query_10,6145.0,10
str5_len9,query_11,850.0,10
str5_len9,query_12,1014.5,10
str5_len9,query_13,570.0,10
str5_len9,query_14,758.5,10
str5_len9,query_15,467.0,10
str5_len9,query_16,1860.0,10
str5_len9,query_union_U16,13974.5,10
str5_len9,query_17,776.0,10
str5_len9,query_18,858.5,10
str5_len9,query_19,1358.5,10
str5_len9,query_20,3364.5,10
str5_len9,query_21,1798.0,10
str5_len9,query_22,1546.0,10
str5_len9,query_23,1669.0,10
str5_len9,query_24,1397.0,10
str5_len9,query_25,751.0,10
str5_len9,query_26,1544.0,10
str5_len9,query_27,1398.0,10
str5_len9,query_28,1553.0,10
str5_len9,query_29,1809.5,10
str5_len9,query_30,1941.5,10
str5_len9,query_31,629.5,10
str5_len9,query_32,1245.0,10
str5_len9,query_union_U32,27513.0,10
str5_len9,query_33,932.5,10
str5_len9,query_34,1501.0,10
str5_len9,query_35,9364.5,10
str5_len9,query_36,1611.5,10
str5_len9,query_37,844.5,10
str5_len9,query_38,2423.0,10
str5_len9,query_39,1597.0,10
str5_len9,query_40,571.5,10
str5_len9,query_41,2083.0,10
str5_len9,query_42,2689.5,10
str5_len9,query_43,1699.0,10
str5_len9,query_44,797.0,10
str5_len9,query_45,1452.0,10
str5_len9,query_46,7443.0,10
str5_len9,query_47,2015.5,10
str5_len9,query_48,2470.5,10
str5_len9,query_49,1222.0,10
str5_len9,query_50,1235.0,10
str5_len9,query_51,2329.0,10
str5_len9,query_52,2303.5,10
str5_len9,query_53,2021.5,10
str5_len9,query_54,1804.5,10
str5_len9,query_55,3683.5,10
str5_len9,query_56,1449.0,10
str5_len9,query_57,697.0,10
str5_len9,query_58,598.5,10
str5_len9,query_59,1429.0,10
str5_len9,query_60,1186.0,10
str5_len9,query_61,1272.5,10
str5_len9,query_62,479.5,10
str5_len9,query_63,839.0,10
str5_len9,query_64,454.5,10
str5_len9,query_union_U64,50174.5,10
str5_len9,query_65,534.5,10
str5_len9,query_66,1981.0,10
str5_len9,query_67,1095.5,10
str5_len9,query_68,2295.0,10
str5_len9,query_69,6075.0,10
str5_len9,query_70,1740.5,10
str5_len9,query_71,3450.0,10
str5_len9,query_72,1632.5,10
str5_len9,query_73,1302.0,10
str5_len9,query_74,1446.0,10
str5_len9,query_75,741.5,10
str5_len9,query_76,2041.0,10
str5_len9,query_77,1806.5,10
str5_len9,query_78,1422.0,10
str5_len9,query_79,1254.0,10
str5_len9,query_80,530.0,10
str5_len9,query_81,922.5,10
str5_len9,query_82,1167.0,10
str5_len9,query_83,1599.0,10
str5_len9,query_84,1132.0,10
str5_len9,query_85,755.0,10
str5_len9,query_86,850.0,10
str5_len9,query_87,1746.5,10
str5_len9,query_88,517.0,10
str5_len9,query_89,475.5,10
str5_len9,query_90,772.0,10
str5_len9,query_91,1555.5,10
str5_len9,query_92,530.0,10
str5_len9,query_93,3282.0,10
str5_len9,query_94,3023.5,10
str5_len9,query_95,1491.0,10
str5_len9,query_96,757.0,10
str5_len9,query_97,2329.0,10
str5_len9,query_98,1599.5,10
str5_len9,query_99,2301.0,10
str5_len9,query_union_U128,91243.5,10
str5_len10,query_1,782.5,10
str5_len10,query_2,1648.5,10
str5_len10,query_union_U2,1765.5,10
str5_len10,query_3,7531.5,10
str5_len10,query_4,956.5,10
str5_len10,query_union_U4,2789.5,10
str5_len10,query_5,893.0,10
str5_len10,query_6,2791.5,10
str5_len10,query_7,589.0,10
str5_len10,query_8,1778.5,10
str5_len10,query_union_U8,5275.0,10
str5_len10,query_9,1834.5,10
str5_len10,query_10,6066.5,10
str5_len10,query_11,921.0,10
str5_len10,query_12,1027.0,10
str5_len10,query_13,634.5,10
str5_len10,query_14,672.0,10
str5_len10,query_15,569.5,10
str5_len10,query_16,1977.5,10
str5_len10,query_union_U16,14061.5,10
str5_len10,query_17,718.5,10
str5_len10,query_18,942.5,10
str5_len10,query_19,1595.0,10
str5_len10,query_20,3426.5,10
str5_len10,query_21,1862.0,10
str5_len10,query_22,1593.5,10
str5_len10,query_23,1726.5,10
str5_len10,query_24,1512.5,10
str5_len10,query_25,796.5,10
str5_len10,query_26,1532.5,10
str5_len10,query_27,1377.0,10
str5_len10,query_28,1495.0,10
str5_len10,query_29,1785.0,10
str5_len10,query_30,1939.5,10
str5_len10,query_31,572.0,10
str5_len10,query_32,1285.5,10
str5_len10,query_union_U32,26643.5,10
str5_len10,query_33,1016.5,10
str5_len10,query_34,1541.0,10
str5_len10,query_35,9612.0,10
str5_len10,query_36,1635.0,10
str5_len10,query_37,880.0,10
str5_len10,query_38,2587.0,10
str5_len10,query_39,1663.0,10
str5_len10,query_40,576.0,10
str5_len10,query_41,2079.0,10
str5_len10,query_42,2798.0,10
str5_len10,query_43,1773.0,10
str5_len10,query_44,834.0,10
str5_len10,query_45,1584.5,10
str5_len10,query_46,6084.0,10
str5_len10,query_47,2059.0,10
str5_len10,query_48,2628.5,10
str5_len10,query_49,1231.0,10
str5_len10,query_50,1254.0,10
str5_len10,query_51,2406.5,10
str5_len10,query_52,2392.0,10
str5_len10,query_53,2117.0,10
str5_len10,query_54,1775.5,10
str5_len10,query_55,3738.0,10
str5_len10,query_56,1481.0,10
str5_len10,query_57,710.5,10
str5_len10,query_58,596.5,10
str5_len10,query_59,1485.5,10
str5_len10,query_60,1234.5,10
str5_len10,query_61,1339.0,10
str5_len10,query_62,537.5,10
str5_len10,query_63,857.5,10
str5_len10,query_64,489.0,10
str5_len10,query_union_U64,50974.5,10
str5_len10,query_65,504.0,10
str5_len10,query_66,2046.0,10
str5_len10,query_67,1105.5,10
str5_len10,query_68,2461.0,10
str5_len10,query_69,6309.5,10
str5_len10,query_70,1862.0,10
str5_len10,query_71,3660.5,10
str5_len10,query_72,1848.0,10
str5_len10,query_73,1376.5,10
str5_len10,query_74,1469.5,10
str5_len10,query_75,797.0,10
str5_len10,query_76,2191.0,10
str5_len10,query_77,1885.5,10
str5_len10,query_78,1451.0,10
str5_len10,query_79,1318.5,10
str5_len10,query_80,549.5,10
str5_len10,query_81,995.5,10
str5_len10,query_82,1200.5,10
str5_len10,query_83,1726.0,10
str5_len10,query_84,1221.0,10
str5_len10,query_85,794.0,10
str5_len10,query_86,898.0,10
str5_len10,query_87,1867.0,10
str5_len10,query_88,570.0,10
str5_len10,query_89,563.5,10
str5_len10,query_90,880.5,10
str5_len10,query_91,1556.0,10
str5_len10,query_92,535.5,10
str5_len10,query_93,3393.5,10
str5_len10,query_94,3555.0,10
str5_len10,query_95,1527.0,10
str5_len10,query_96,826.5,10
str5_len10,query_97,2385.5,10
str5_len10,query_98,1736.0,10
str5_len10,query_99,2423.0,10
str5_len10,query_union_U128,92069.5,10
