suite,query_id,n_repetitions,explain_i_ms,prepare_i_ms,explain_A_ms,prepare_A_ms,explain_d_ms,prepare_d_ms,explain_c_ms,prepare_c_ms,explain_o_ms,prepare_o_ms,compilation_A_ms,compilation_d_ms,compilation_c_ms,compilation_o_ms
prodds,query_1,5,1.176,1.648,1.195,1.597,0.915,1.434,2.555,10.510,5.861,50.481,-0.051,-0.214,8.862,48.833
prodds,query_10,5,2.853,6.222,2.199,5.238,2.135,4.975,3.506,42.266,7.532,243.202,-0.984,-1.247,36.044,236.980
prodds,query_11,5,1.069,2.839,0.878,2.771,0.756,2.228,2.348,19.251,7.135,128.755,-0.068,-0.611,16.412,125.916
prodds,query_12,5,1.861,5.226,1.605,5.243,1.230,3.433,2.738,31.623,7.485,190.819,0.017,-1.793,26.397,185.593
prodds,query_13,5,1.998,4.488,2.228,4.741,1.484,2.845,3.105,19.678,7.901,120.191,0.253,-1.643,15.190,115.703
prodds,query_14,5,1.100,2.040,0.900,1.776,0.712,1.673,2.178,13.384,6.644,80.016,-0.264,-0.367,11.344,77.976
prodds,query_15,5,1.511,3.777,0.909,2.269,0.874,2.110,2.360,15.427,6.796,104.289,-1.508,-1.667,11.650,100.512
prodds,query_17,5,1.969,3.903,1.184,2.791,1.155,2.624,2.666,19.204,7.118,109.013,-1.112,-1.279,15.301,105.110
prodds,query_18,5,2.206,4.558,1.327,3.396,1.280,3.103,2.848,22.431,7.582,151.222,-1.162,-1.455,17.873,146.664
prodds,query_2,5,1.322,3.302,1.048,2.660,1.048,2.647,2.599,21.106,7.314,132.853,-0.642,-0.655,17.804,129.551
prodds,query_20,5,6.735,9.588,6.455,9.895,6.468,9.987,8.164,48.054,13.276,281.913,0.307,0.399,38.466,272.325
prodds,query_21,5,0.969,2.349,0.985,2.586,1.004,2.602,2.954,23.956,8.055,141.270,0.237,0.253,21.607,138.921
prodds,query_22,5,2.025,4.125,2.020,4.298,2.047,4.300,3.597,30.349,8.211,210.286,0.173,0.175,26.224,206.161
prodds,query_23,5,2.088,4.314,2.095,4.571,2.111,4.563,3.864,34.080,8.876,208.341,0.257,0.249,29.766,204.027
prodds,query_24,5,1.228,2.299,1.276,2.519,1.308,2.504,2.949,18.264,7.697,105.591,0.220,0.205,15.965,103.292
prodds,query_25,5,1.415,2.347,1.385,2.440,1.414,2.445,3.036,13.194,7.707,80.626,0.093,0.098,10.847,78.279
prodds,query_26,5,2.371,5.138,2.316,5.483,2.354,5.449,3.875,45.042,8.444,283.106,0.345,0.311,39.904,277.968
prodds,query_27,5,1.129,2.435,1.164,2.636,1.169,2.615,2.936,19.586,7.847,128.356,0.201,0.180,17.151,125.921
prodds,query_28,5,1.621,3.297,1.643,3.438,1.655,3.465,3.205,25.804,7.889,168.660,0.141,0.168,22.507,165.363
prodds,query_3,5,2.930,6.564,2.966,7.012,2.912,6.939,4.563,61.046,9.271,353.613,0.448,0.375,54.482,347.049
prodds,query_30,5,1.941,4.294,1.950,4.707,1.959,4.751,3.968,35.892,9.081,228.457,0.413,0.457,31.598,224.163
prodds,query_31,5,1.039,2.603,1.044,2.759,1.075,2.798,2.783,24.712,7.704,142.422,0.156,0.195,22.109,139.819
prodds,query_32,5,0.749,2.228,0.778,2.444,0.800,2.451,2.390,25.407,6.974,157.287,0.216,0.223,23.179,155.059
prodds,query_33,5,2.531,4.370,2.433,4.533,2.450,4.484,4.140,28.638,9.282,166.059,0.163,0.114,24.268,161.689
prodds,query_35,5,0.761,2.599,0.790,2.976,0.808,2.949,2.326,29.416,6.929,216.355,0.377,0.350,26.817,213.756
prodds,query_36,5,2.522,4.956,2.558,5.203,2.556,5.149,4.197,33.557,9.317,224.737,0.247,0.193,28.601,219.781
prodds,query_37,5,1.220,3.530,1.243,3.838,1.247,3.772,2.861,44.111,7.646,246.480,0.308,0.242,40.581,242.950
prodds,query_39,5,2.350,4.919,2.338,5.258,2.315,5.230,4.170,38.567,9.080,251.400,0.339,0.311,33.648,246.481
prodds,query_4,5,1.701,3.073,1.717,3.217,1.717,3.180,3.460,24.362,8.372,133.665,0.144,0.107,21.289,130.592
prodds,query_40,5,1.341,2.176,1.353,2.242,1.340,2.260,2.906,13.898,7.692,78.290,0.066,0.084,11.722,76.114
prodds,query_41,5,2.345,5.037,2.299,5.355,2.287,5.341,3.833,43.309,8.384,323.844,0.318,0.304,38.272,318.807
prodds,query_42,5,1.738,4.782,1.780,5.279,1.769,5.246,3.850,48.229,8.972,351.468,0.497,0.464,43.447,346.686
prodds,query_43,5,2.204,3.468,2.213,3.697,2.206,3.710,4.108,23.267,9.161,137.011,0.229,0.242,19.799,133.543
prodds,query_44,5,1.071,1.812,1.105,1.963,1.117,1.954,2.679,12.200,7.319,69.363,0.151,0.142,10.388,67.551
prodds,query_45,5,0.838,2.004,0.899,2.210,0.880,2.194,2.425,16.983,6.880,118.950,0.206,0.190,14.979,116.946
prodds,query_46,5,0.929,3.896,0.967,4.162,0.963,4.162,2.458,35.565,7.085,302.152,0.266,0.266,31.669,298.256
prodds,query_47,5,1.962,4.054,1.994,4.501,1.974,4.421,3.754,34.576,8.968,238.130,0.447,0.367,30.522,234.076
prodds,query_48,5,2.229,5.455,2.253,5.923,2.249,5.885,4.024,55.930,9.086,335.332,0.468,0.430,50.475,329.877
prodds,query_49,5,2.017,3.353,2.052,3.413,2.056,3.378,3.758,23.751,8.717,126.591,0.060,0.025,20.398,123.238
prodds,query_5,5,0.983,2.171,1.009,2.343,1.016,2.340,2.565,17.119,7.076,103.787,0.172,0.169,14.948,101.616
prodds,query_50,5,2.015,3.744,2.004,3.996,2.030,3.950,3.529,26.680,8.090,160.425,0.252,0.206,22.936,156.681
prodds,query_51,5,2.031,4.405,2.029,4.723,2.040,4.708,3.588,37.822,8.362,241.806,0.318,0.303,33.417,237.401
prodds,query_52,5,0.663,1.398,0.685,1.576,0.698,1.580,2.244,11.329,6.973,69.920,0.178,0.182,9.931,68.522
prodds,query_53,5,1.861,3.152,1.823,3.306,1.843,3.308,3.328,19.107,7.637,119.313,0.154,0.156,15.955,116.161
prodds,query_54,5,1.014,2.369,1.045,2.515,1.071,2.479,2.504,19.740,6.974,135.720,0.146,0.110,17.371,133.351
prodds,query_55,5,0.491,1.686,0.530,1.891,0.553,1.886,1.941,22.038,6.265,127.151,0.205,0.200,20.352,125.465
prodds,query_56,5,1.038,3.113,1.037,3.329,1.066,3.333,2.603,32.019,7.307,216.818,0.216,0.220,28.906,213.705
prodds,query_57,5,1.406,2.761,1.424,2.968,1.448,2.998,3.093,20.567,8.086,132.523,0.207,0.237,17.806,129.762
prodds,query_58,5,1.425,2.836,1.445,3.007,1.465,3.005,2.981,19.826,7.748,126.013,0.171,0.169,16.990,123.177
prodds,query_59,5,0.787,2.269,0.819,2.401,0.840,2.414,2.305,19.526,6.870,133.462,0.132,0.145,17.257,131.193
prodds,query_6,5,3.092,6.798,3.050,7.065,3.041,7.067,4.639,55.140,9.601,336.864,0.267,0.269,48.342,330.066
prodds,query_60,5,1.435,2.989,1.485,3.259,1.498,3.274,3.370,26.983,8.729,164.093,0.270,0.285,23.994,161.104
prodds,query_61,5,0.694,1.919,0.726,2.156,0.740,2.137,2.274,18.100,6.867,117.406,0.237,0.218,16.181,115.487
prodds,query_62,5,1.527,3.216,1.510,3.381,1.523,3.388,3.081,30.010,7.692,175.559,0.165,0.172,26.794,172.343
prodds,query_63,5,1.917,3.895,1.931,4.043,1.945,4.040,3.589,29.112,8.454,170.722,0.148,0.145,25.217,166.827
prodds,query_64,5,0.859,1.762,0.871,1.959,0.903,1.920,2.459,14.854,7.321,90.642,0.197,0.158,13.092,88.880
prodds,query_65,5,0.810,1.891,0.843,1.919,0.887,1.927,2.340,14.743,6.934,90.287,0.028,0.036,12.852,88.396
prodds,query_66,5,4.990,7.304,4.754,7.536,4.728,7.489,6.252,42.497,10.696,279.467,0.232,0.185,35.193,272.163
prodds,query_67,5,0.877,1.550,0.907,1.696,0.913,1.699,2.557,12.362,7.530,69.870,0.146,0.149,10.812,68.320
prodds,query_68,5,3.004,4.513,2.950,4.799,2.889,4.737,4.478,25.797,9.091,155.627,0.286,0.224,21.284,151.114
prodds,query_69,5,4.105,8.194,4.058,8.713,4.017,8.646,5.656,66.335,10.518,444.193,0.519,0.452,58.141,435.999
prodds,query_7,5,1.074,1.791,1.119,1.965,1.104,1.969,2.970,13.359,8.097,76.610,0.174,0.178,11.568,74.819
prodds,query_70,5,1.779,4.683,1.734,5.001,1.716,4.868,3.361,42.703,7.772,304.627,0.318,0.185,38.020,299.944
prodds,query_71,5,1.258,2.925,1.291,3.186,1.281,3.198,3.009,27.110,7.895,172.039,0.261,0.273,24.185,169.114
prodds,query_73,5,1.539,2.790,1.559,2.933,1.580,2.935,3.273,18.632,8.187,103.453,0.143,0.145,15.842,100.663
prodds,query_74,5,2.184,2.938,2.132,3.061,2.155,3.049,3.727,11.131,8.489,62.585,0.123,0.111,8.193,59.647
prodds,query_75,5,1.708,3.126,1.662,3.293,1.655,3.273,3.145,23.726,7.630,136.745,0.167,0.147,20.600,133.619
prodds,query_76,5,1.142,3.071,1.140,3.225,1.145,3.231,2.656,33.058,7.224,190.911,0.154,0.160,29.987,187.840
prodds,query_77,5,1.035,2.303,1.048,2.468,1.072,2.489,2.526,19.423,7.140,137.055,0.165,0.186,17.120,134.752
prodds,query_79,5,1.336,2.721,1.323,2.842,1.335,2.834,2.917,20.171,7.668,120.237,0.121,0.113,17.450,117.516
prodds,query_8,5,1.338,3.011,1.347,3.147,1.366,3.158,2.857,25.014,7.393,164.268,0.136,0.147,22.003,161.257
prodds,query_80,5,0.880,1.615,0.885,1.747,0.912,1.745,2.386,12.419,7.048,71.478,0.132,0.130,10.804,69.863
prodds,query_81,5,2.001,3.616,1.861,3.719,1.865,3.740,3.454,23.412,8.070,150.787,0.103,0.124,19.796,147.171
prodds,query_82,5,0.619,1.316,0.640,1.398,0.653,1.424,2.090,11.016,6.532,66.599,0.082,0.108,9.700,65.283
prodds,query_83,5,2.368,4.392,2.208,4.588,2.207,4.573,3.695,33.186,8.256,224.260,0.196,0.181,28.794,219.868
prodds,query_84,5,1.791,3.498,1.801,3.618,1.824,3.615,3.358,22.624,8.375,142.438,0.120,0.117,19.126,138.940
prodds,query_85,5,1.321,2.887,1.329,3.068,1.345,3.070,2.912,23.757,7.933,145.347,0.181,0.183,20.870,142.460
prodds,query_86,5,1.067,2.216,1.075,2.352,1.092,2.355,2.616,17.371,7.149,105.849,0.136,0.139,15.155,103.633
prodds,query_87,5,3.425,5.188,3.357,5.385,3.366,5.348,4.881,27.804,9.907,156.648,0.197,0.160,22.616,151.460
prodds,query_88,5,1.348,3.393,1.349,3.532,1.367,3.532,2.949,29.206,7.888,186.222,0.139,0.139,25.813,182.829
prodds,query_89,5,1.236,2.674,1.244,2.866,1.263,2.874,2.849,20.835,7.614,134.237,0.192,0.200,18.161,131.563
prodds,query_9,5,2.021,4.206,1.967,4.390,1.987,4.418,3.516,33.903,8.177,207.230,0.184,0.212,29.697,203.024
prodds,query_91,5,2.339,3.491,2.365,3.566,2.384,3.575,4.102,13.823,9.082,81.210,0.075,0.084,10.332,77.719
prodds,query_92,5,2.014,4.080,2.043,4.328,2.058,4.305,3.608,31.785,8.129,208.409,0.248,0.225,27.705,204.329
prodds,query_93,5,2.886,6.795,2.795,7.121,2.787,7.063,4.488,67.698,9.316,395.060,0.326,0.268,60.903,388.265
prodds,query_94,5,1.325,2.280,1.353,2.514,1.362,2.527,3.247,18.653,8.057,102.417,0.234,0.247,16.373,100.137
prodds,query_95,5,2.259,4.681,2.258,4.995,2.261,4.958,4.001,34.849,8.734,248.493,0.314,0.277,30.168,243.812
prodds,query_97,5,1.902,3.245,1.934,3.408,1.940,3.409,3.569,20.122,8.597,123.220,0.163,0.164,16.877,119.975
prodds,query_98,5,2.196,5.475,2.040,5.746,2.024,5.648,3.619,52.345,8.275,320.745,0.271,0.173,46.870,315.270
prodds,query_99,5,1.216,2.876,1.232,3.172,1.234,3.142,2.919,27.462,7.661,180.142,0.296,0.266,24.586,177.266
prodds,query_join_J100,5,18.736,32.415,17.832,33.214,17.724,33.341,19.259,233.701,24.080,1216.391,0.799,0.926,201.286,1183.976
prodds,query_join_J200,5,38.001,65.602,36.871,67.198,36.763,66.490,39.956,454.513,44.769,2424.876,1.596,0.888,388.911,2359.274
prodds,query_join_J50,5,12.388,19.439,12.404,20.741,12.302,20.653,15.205,135.928,19.727,692.196,1.302,1.214,116.489,672.757
prodds,query_union_U10,5,1.299,1.752,1.267,1.953,1.265,1.946,3.767,12.784,8.790,79.441,0.201,0.194,11.032,77.689
prodds,query_union_U2,5,0.696,1.050,0.714,1.200,0.729,1.188,2.223,7.727,6.292,42.499,0.150,0.138,6.677,41.449
prodds,query_union_U20,5,1.426,2.607,1.464,2.660,1.456,2.632,2.910,17.382,6.954,123.407,0.053,0.025,14.775,120.800
prodds,query_union_U5,5,0.945,1.545,0.981,1.625,0.965,1.595,2.412,9.662,7.093,57.335,0.080,0.050,8.117,55.790
tpcds,query_1,5,0.860,1.239,0.843,1.194,0.710,1.122,2.916,11.320,5.474,33.050,-0.045,-0.117,10.081,31.811
tpcds,query_10,5,2.127,4.316,3.132,8.219,2.050,4.377,6.579,46.805,6.935,193.492,3.903,0.061,42.489,189.176
tpcds,query_11,5,0.719,2.112,1.119,3.705,0.720,2.184,2.185,18.166,6.254,123.002,1.593,0.072,16.054,120.890
tpcds,query_12,5,1.074,2.179,2.098,3.796,1.067,2.226,2.510,14.865,6.460,89.804,1.617,0.047,12.686,87.625
tpcds,query_13,5,1.561,2.852,2.701,5.421,1.482,2.949,2.994,19.103,6.992,115.602,2.569,0.097,16.251,112.750
tpcds,query_14,5,0.698,1.620,1.208,3.304,0.706,1.718,2.151,13.121,6.091,78.622,1.684,0.098,11.501,77.002
tpcds,query_15,5,0.707,1.789,1.274,3.341,0.685,1.830,2.103,13.616,5.966,90.825,1.552,0.041,11.827,89.036
tpcds,query_16,5,0.965,2.300,1.026,2.789,0.981,2.546,2.463,19.145,6.598,124.503,0.489,0.246,16.845,122.203
tpcds,query_17,5,1.143,2.051,1.200,2.380,1.141,2.146,2.614,11.935,6.628,76.251,0.329,0.095,9.884,74.200
tpcds,query_18,5,1.196,2.437,1.228,2.780,1.200,2.536,2.644,17.698,6.630,108.384,0.343,0.099,15.261,105.947
tpcds,query_19,5,2.476,4.424,2.658,5.092,2.425,4.717,3.900,31.720,7.917,194.298,0.668,0.293,27.296,189.874
tpcds,query_2,5,0.985,1.947,0.987,2.180,0.983,2.069,2.588,14.719,6.683,85.870,0.233,0.122,12.772,83.923
tpcds,query_20,5,5.958,10.176,5.938,10.478,5.875,10.410,7.433,53.168,11.621,327.285,0.302,0.234,42.992,317.109
tpcds,query_21,5,0.963,2.278,1.014,2.671,0.990,2.591,2.774,23.068,6.962,137.854,0.393,0.313,20.790,135.576
tpcds,query_22,5,1.952,3.721,1.992,3.976,1.964,3.922,3.512,24.754,7.393,177.871,0.255,0.201,21.033,174.150
tpcds,query_23,5,1.751,3.149,1.741,3.362,1.748,3.318,3.345,20.457,7.530,130.473,0.213,0.169,17.308,127.324
tpcds,query_24,5,1.245,2.353,1.280,2.555,1.300,2.525,2.754,18.151,6.792,100.953,0.202,0.172,15.798,98.600
tpcds,query_25,5,1.378,2.380,1.390,2.537,1.405,2.461,2.876,12.683,6.997,80.709,0.157,0.081,10.303,78.329
tpcds,query_26,5,1.726,3.373,1.765,3.569,1.734,3.553,3.162,21.941,7.178,162.726,0.196,0.180,18.568,159.353
tpcds,query_27,5,1.171,2.296,1.154,2.608,1.178,2.622,2.647,17.865,6.857,120.134,0.312,0.326,15.569,117.838
tpcds,query_28,5,1.567,2.886,1.604,3.189,1.585,3.227,3.019,20.259,7.197,144.657,0.303,0.341,17.373,141.771
tpcds,query_29,5,1.900,3.928,1.900,4.053,1.929,4.047,3.327,29.014,7.296,194.219,0.125,0.119,25.086,190.291
tpcds,query_3,5,2.818,5.200,2.816,5.572,2.821,5.595,4.290,31.893,8.401,221.096,0.372,0.395,26.693,215.896
tpcds,query_30,5,1.436,2.879,1.469,3.191,1.464,3.194,2.976,21.156,7.119,135.886,0.312,0.315,18.277,133.007
tpcds,query_31,5,0.889,1.708,0.909,1.788,0.914,1.806,2.438,12.501,6.456,71.131,0.080,0.098,10.793,69.423
tpcds,query_32,5,0.779,2.159,0.800,2.504,0.795,2.527,2.197,24.610,6.158,151.359,0.345,0.368,22.451,149.200
tpcds,query_33,5,2.932,4.652,2.918,4.831,2.958,4.850,4.639,25.650,8.637,131.849,0.179,0.198,20.998,127.197
tpcds,query_34,5,1.083,3.107,1.145,3.500,1.130,3.499,2.549,28.751,6.513,205.062,0.393,0.392,25.644,201.955
tpcds,query_35,5,0.782,2.629,0.805,2.945,0.819,2.938,2.231,28.269,6.274,206.921,0.316,0.309,25.640,204.292
tpcds,query_36,5,2.086,4.183,2.117,4.472,2.129,4.442,3.628,31.066,7.773,201.702,0.289,0.259,26.883,197.519
tpcds,query_37,5,1.206,3.426,1.245,3.741,1.249,3.779,2.713,42.385,6.801,236.674,0.315,0.353,38.959,233.248
tpcds,query_38,5,0.807,1.560,0.834,1.741,0.837,1.755,2.393,11.100,6.523,74.608,0.181,0.195,9.540,73.048
tpcds,query_39,5,2.711,7.671,2.618,7.987,2.636,8.027,4.146,66.168,8.143,495.285,0.316,0.356,58.497,487.614
tpcds,query_4,5,1.433,2.620,1.456,3.050,1.463,3.054,3.486,25.317,7.720,149.342,0.430,0.434,22.697,146.722
tpcds,query_40,5,1.057,1.540,1.081,1.789,1.088,1.747,2.581,9.762,6.556,62.977,0.249,0.207,8.222,61.437
tpcds,query_41,5,2.207,4.087,2.184,4.331,2.158,4.322,3.613,27.106,7.515,165.916,0.244,0.235,23.019,161.829
tpcds,query_42,5,83.479,88.035,83.193,87.730,78.320,83.759,84.539,127.016,84.045,426.449,-0.305,-4.276,38.981,338.414
tpcds,query_43,5,2.166,3.010,2.191,3.319,2.207,3.305,3.898,15.867,8.029,105.034,0.309,0.295,12.857,102.024
tpcds,query_44,5,1.093,1.768,1.131,1.879,1.113,1.861,2.532,9.655,6.490,55.587,0.111,0.093,7.887,53.819
tpcds,query_45,5,0.612,1.430,0.648,1.579,0.639,1.557,2.001,11.564,5.741,79.273,0.149,0.127,10.134,77.843
tpcds,query_46,5,0.949,3.306,0.963,3.592,0.970,3.591,2.355,25.336,6.242,237.515,0.286,0.285,22.030,234.209
tpcds,query_47,5,1.493,3.027,1.561,3.267,1.528,3.252,2.951,19.540,7.070,148.990,0.240,0.225,16.513,145.963
tpcds,query_48,5,2.329,4.971,2.301,5.398,2.313,5.460,3.768,50.918,7.802,296.709,0.427,0.489,45.947,291.738
tpcds,query_49,5,2.094,3.348,2.031,3.391,2.048,3.437,3.575,23.450,7.646,126.796,0.043,0.089,20.102,123.448
tpcds,query_5,5,0.980,2.034,1.006,2.164,1.014,2.146,2.413,13.788,6.343,86.877,0.130,0.112,11.754,84.843
tpcds,query_50,5,2.005,3.502,2.017,3.761,2.032,3.758,3.471,23.017,7.392,141.064,0.259,0.256,19.515,137.562
tpcds,query_51,5,1.196,3.468,1.228,3.699,1.218,3.679,2.658,35.440,6.558,228.346,0.231,0.211,31.972,224.878
tpcds,query_52,5,0.691,1.334,0.716,1.442,0.724,1.452,2.197,8.575,6.241,58.725,0.108,0.118,7.241,57.391
tpcds,query_53,5,1.910,3.523,1.923,3.785,1.920,3.816,3.298,25.593,7.059,149.014,0.262,0.293,22.070,145.491
tpcds,query_54,5,1.085,2.275,1.116,2.408,1.115,2.429,2.542,17.745,6.525,121.477,0.133,0.154,15.470,119.202
tpcds,query_55,5,0.486,1.714,0.515,1.891,0.512,1.925,1.882,22.243,5.684,126.509,0.177,0.211,20.529,124.795
tpcds,query_56,5,1.160,2.955,1.085,3.320,1.085,3.378,2.629,31.082,6.611,207.382,0.365,0.423,28.127,204.427
tpcds,query_57,5,0.919,1.702,0.957,1.886,0.961,1.893,2.479,13.317,6.503,76.258,0.184,0.191,11.615,74.556
tpcds,query_58,5,1.196,2.434,1.220,2.537,1.226,2.565,2.697,16.989,6.522,101.507,0.103,0.131,14.555,99.073
tpcds,query_59,5,0.656,1.387,0.681,1.535,0.684,1.509,2.096,11.014,6.025,72.347,0.148,0.122,9.627,70.960
tpcds,query_6,5,2.869,6.258,2.860,6.562,2.830,6.550,4.300,45.973,8.182,303.697,0.304,0.292,39.715,297.439
tpcds,query_60,5,1.482,3.072,1.522,3.255,1.527,3.343,3.114,26.090,7.326,166.681,0.183,0.271,23.018,163.609
tpcds,query_61,5,0.653,1.297,0.675,1.451,0.689,1.469,2.165,11.008,6.141,65.549,0.154,0.172,9.711,64.252
tpcds,query_62,5,1.342,2.169,1.298,2.235,1.324,2.242,2.788,13.440,6.781,80.854,0.066,0.073,11.271,78.685
tpcds,query_63,5,1.755,3.139,1.757,3.268,1.736,3.278,3.148,21.797,7.210,123.610,0.129,0.139,18.658,120.471
tpcds,query_64,5,0.805,2.188,0.818,2.526,0.823,2.540,2.268,25.596,6.365,158.308,0.338,0.352,23.408,156.120
tpcds,query_65,5,0.790,2.183,0.810,2.513,0.821,2.534,2.288,25.728,6.363,159.640,0.330,0.351,23.545,157.457
tpcds,query_66,5,4.642,6.784,4.614,7.003,4.645,7.058,6.127,34.136,10.241,242.154,0.219,0.274,27.352,235.370
tpcds,query_67,5,0.862,1.598,0.888,1.752,0.889,1.779,2.406,12.572,6.652,71.087,0.154,0.181,10.974,69.489
tpcds,query_68,5,3.363,5.059,3.377,5.355,3.391,5.305,4.854,25.086,8.888,158.561,0.296,0.246,20.027,153.502
tpcds,query_69,5,5.429,9.122,5.299,9.445,5.306,9.556,6.788,54.621,11.008,375.305,0.323,0.434,45.499,366.183
tpcds,query_7,5,1.062,1.637,1.099,1.834,1.098,1.864,2.745,10.754,6.886,62.732,0.197,0.227,9.117,61.095
tpcds,query_70,5,64.034,66.612,64.068,66.510,64.090,66.162,63.602,101.182,69.552,362.938,-0.102,-0.450,34.570,296.326
tpcds,query_71,5,1.426,2.702,1.447,3.071,1.449,3.100,3.044,22.081,7.150,142.103,0.369,0.398,19.379,139.401
tpcds,query_72,5,1.271,2.458,1.287,2.727,1.302,2.757,2.815,17.068,6.903,127.414,0.269,0.299,14.610,124.956
tpcds,query_73,5,1.394,2.181,1.434,2.394,1.429,2.404,2.932,12.665,7.022,71.909,0.213,0.223,10.484,69.728
tpcds,query_74,5,2.136,2.713,2.169,2.885,2.182,2.907,3.590,9.507,7.615,50.403,0.172,0.194,6.794,47.690
tpcds,query_75,5,1.178,2.891,1.217,3.366,1.215,3.435,2.586,34.468,6.433,194.936,0.475,0.544,31.577,192.045
tpcds,query_76,5,1.128,2.919,1.153,3.262,1.152,3.282,2.624,27.817,6.595,183.089,0.343,0.363,24.898,180.170
tpcds,query_77,5,1.071,2.176,1.114,2.407,1.123,2.448,2.524,17.852,6.468,120.974,0.231,0.272,15.676,118.798
tpcds,query_78,5,3.086,6.092,3.072,6.520,3.055,6.601,4.459,45.671,8.375,306.356,0.428,0.509,39.579,300.264
tpcds,query_79,5,1.243,2.023,1.263,2.246,1.267,2.266,2.988,13.132,7.108,78.256,0.223,0.243,11.109,76.233
tpcds,query_8,5,1.270,2.452,1.286,2.726,1.278,2.770,2.722,19.677,6.522,121.512,0.274,0.318,17.225,119.060
tpcds,query_80,5,1.025,1.708,1.059,1.861,1.067,1.889,2.479,11.503,6.412,69.639,0.153,0.181,9.795,67.931
tpcds,query_81,5,1.762,3.470,1.753,3.659,1.770,3.711,3.173,24.047,7.013,167.120,0.189,0.241,20.577,163.650
tpcds,query_82,5,0.627,1.386,0.659,1.496,0.671,1.511,2.058,10.976,5.997,71.960,0.110,0.125,9.590,70.574
tpcds,query_83,5,2.247,4.098,2.222,4.445,2.249,4.504,3.689,29.685,7.700,203.174,0.347,0.406,25.587,199.076
tpcds,query_84,5,1.635,2.879,1.667,3.012,1.695,3.062,3.121,16.381,7.157,103.064,0.133,0.183,13.502,100.185
tpcds,query_85,5,1.016,1.904,1.035,2.108,1.046,2.120,2.484,14.580,6.475,85.674,0.204,0.216,12.676,83.770
tpcds,query_86,5,1.039,2.096,1.068,2.298,1.079,2.352,2.471,16.317,6.340,96.468,0.202,0.256,14.221,94.372
tpcds,query_87,5,2.742,4.252,2.773,4.514,2.807,4.577,4.151,23.138,8.066,148.483,0.262,0.325,18.886,144.231
tpcds,query_88,5,1.154,2.421,1.171,2.665,1.181,2.700,2.675,18.981,6.760,131.094,0.244,0.279,16.560,128.673
tpcds,query_89,5,1.101,2.312,1.124,2.466,1.136,2.488,2.556,17.552,6.530,112.496,0.154,0.176,15.240,110.184
tpcds,query_9,5,1.830,3.366,1.857,3.553,1.875,3.587,3.285,21.614,7.145,127.031,0.187,0.221,18.248,123.665
tpcds,query_90,5,1.519,3.555,1.532,3.920,1.545,4.005,3.018,32.116,7.077,207.731,0.365,0.450,28.561,204.176
tpcds,query_91,5,2.506,3.445,2.564,3.590,2.568,3.627,4.107,12.237,8.313,69.123,0.145,0.182,8.792,65.678
tpcds,query_92,5,1.938,3.709,1.957,4.140,1.980,4.170,3.419,29.986,7.447,191.720,0.431,0.461,26.277,188.011
tpcds,query_93,5,1.618,4.258,1.636,4.894,1.651,4.916,3.109,54.942,7.171,315.024,0.636,0.658,50.684,310.766
tpcds,query_94,5,1.287,2.278,1.316,2.493,1.313,2.504,2.881,18.321,7.010,100.892,0.215,0.226,16.043,98.614
tpcds,query_95,5,1.516,2.811,1.547,3.020,1.552,3.082,3.119,18.063,7.139,112.713,0.209,0.271,15.252,109.902
tpcds,query_96,5,2.493,4.321,2.477,4.639,2.532,4.670,3.974,30.149,8.072,201.054,0.318,0.349,25.828,196.733
tpcds,query_97,5,1.932,3.060,1.952,3.261,1.960,3.272,3.477,16.072,7.632,103.307,0.201,0.212,13.012,100.247
tpcds,query_98,5,1.856,4.381,1.839,5.072,1.871,5.079,3.255,40.679,7.159,275.070,0.691,0.698,36.298,270.689
tpcds,query_99,5,1.206,2.666,1.253,2.967,1.241,2.985,2.734,23.094,6.880,153.134,0.301,0.319,20.428,150.468
