engine,query_id,repetition,planner_ms,planner_binding_ms,optimizer_ms,physical_planner_ms,status
duckdb,query_1,1,0.2934,0.2908,0.4335,0.0866,ok
duckdb,query_10,1,1.0261,1.0003,1.9459,0.3262,ok
duckdb,query_11,1,0.8557,0.8515,0.4334,0.0702,ok
duckdb,query_12,1,0.5085,0.5001,0.5316,0.0712,ok
duckdb,query_13,1,0.5967,0.5933,1.1551,0.0929,ok
duckdb,query_14,1,0.6194,0.6174,0.7305,0.0568,ok
duckdb,query_15,1,0.4602,0.4564,0.6267,0.0729,ok
duckdb,query_17,1,1.0259,1.0069,0.7779,0.1079,ok
duckdb,query_18,1,0.4352,0.4316,0.7744,0.0945,ok
duckdb,query_2,1,0.5052,0.5014,0.7282,0.0920,ok
duckdb,query_20,1,1.7188,1.6028,3.7633,0.3103,ok
duckdb,query_21,1,0.4823,0.4792,0.5667,0.0812,ok
duckdb,query_22,1,0.7354,0.7060,1.3079,0.1703,ok
duckdb,query_23,1,0.5618,0.5588,0.9119,0.1237,ok
duckdb,query_24,1,0.8776,0.8730,1.0580,0.0895,ok
duckdb,query_25,1,0.7908,0.7691,0.8277,0.1056,ok
duckdb,query_26,1,1.4467,1.3927,1.5802,0.1897,ok
duckdb,query_27,1,0.6502,0.6474,0.7457,0.0695,ok
duckdb,query_28,1,1.5825,1.5151,1.3257,0.1566,ok
duckdb,query_3,1,1.0496,1.0094,1.4512,0.2017,ok
duckdb,query_30,1,2.1586,2.1244,2.5861,0.3901,ok
duckdb,query_31,1,0.4631,0.4583,0.6246,0.0933,ok
duckdb,query_32,1,0.4002,0.3966,0.4929,0.0599,ok
duckdb,query_33,1,0.6370,0.6334,1.8798,0.1206,ok
duckdb,query_35,1,0.7389,0.7349,0.6518,0.1182,ok
duckdb,query_36,1,1.3239,1.3204,1.5611,0.0899,ok
duckdb,query_37,1,0.7325,0.7089,0.7275,0.1074,ok
duckdb,query_39,1,2.0849,2.0802,2.0776,0.2383,ok
duckdb,query_4,1,0.5661,0.5636,0.7600,0.0920,ok
duckdb,query_40,1,0.6167,0.6132,0.7122,0.1089,ok
duckdb,query_41,1,0.8062,0.8008,2.3893,0.2282,ok
duckdb,query_42,1,0.8117,0.7439,0.9954,0.1041,ok
duckdb,query_43,1,0.6115,0.6043,1.1184,0.1389,ok
duckdb,query_44,1,0.7073,0.6806,0.6403,0.1057,ok
duckdb,query_45,1,0.3317,0.3283,0.4825,0.0851,ok
duckdb,query_46,1,0.6960,0.6712,0.5763,0.1249,ok
duckdb,query_47,1,1.8533,1.8124,1.6903,0.2091,ok
duckdb,query_48,1,1.0929,1.0896,1.3458,0.1839,ok
duckdb,query_49,1,0.9905,0.9857,1.2235,0.1485,ok
duckdb,query_5,1,0.4966,0.4842,0.6690,0.0766,ok
duckdb,query_50,1,0.7476,0.7183,1.9329,0.1810,ok
duckdb,query_51,1,0.7310,0.7128,1.4722,0.1651,ok
duckdb,query_52,1,0.3350,0.3323,0.3694,0.0470,ok
duckdb,query_53,1,0.8401,0.8348,2.2022,0.1711,ok
duckdb,query_54,1,0.6153,0.6126,0.6907,0.1288,ok
duckdb,query_55,1,0.3098,0.3067,0.3009,0.0472,ok
duckdb,query_56,1,0.5368,0.5328,0.7583,0.0888,ok
duckdb,query_57,1,0.3933,0.3901,0.6737,0.0999,ok
duckdb,query_58,1,0.4436,0.4408,0.8056,0.1002,ok
duckdb,query_59,1,0.4098,0.4056,0.6061,0.1104,ok
duckdb,query_6,1,1.4583,1.4032,2.0701,0.2066,ok
duckdb,query_60,1,0.6642,0.6587,0.9608,0.1173,ok
duckdb,query_61,1,0.3917,0.3882,0.5614,0.0997,ok
duckdb,query_62,1,0.6714,0.6414,1.4361,0.2005,ok
duckdb,query_63,1,1.1719,1.1687,2.0968,0.0994,ok
duckdb,query_64,1,0.3692,0.3662,0.4751,0.0698,ok
duckdb,query_65,1,0.3885,0.3849,0.4797,0.0803,ok
duckdb,query_66,1,1.8828,1.8771,23.4586,0.1963,ok
duckdb,query_67,1,0.3575,0.3543,0.5514,0.0544,ok
duckdb,query_68,1,1.1647,1.1155,1.0111,0.1746,ok
duckdb,query_69,1,1.6582,1.6251,2.0598,0.2662,ok
duckdb,query_7,1,0.8544,0.8285,0.7868,0.1313,ok
duckdb,query_70,1,0.9016,0.8449,0.9760,0.1799,ok
duckdb,query_71,1,0.7330,0.7284,0.7188,0.0997,ok
duckdb,query_73,1,0.6713,0.6681,1.0130,0.1176,ok
duckdb,query_74,1,0.4256,0.4232,0.8407,0.0534,ok
duckdb,query_75,1,0.7119,0.6788,1.0490,0.1769,ok
duckdb,query_76,1,0.9803,0.9512,0.8841,0.1381,ok
duckdb,query_77,1,0.6122,0.6099,0.6652,0.1195,ok
duckdb,query_79,1,0.6957,0.6922,0.9531,0.1245,ok
duckdb,query_8,1,0.4729,0.4692,0.9751,0.0926,ok
duckdb,query_80,1,0.5294,0.5258,0.7996,0.0624,ok
duckdb,query_81,1,0.9411,0.8964,1.2294,0.2256,ok
duckdb,query_82,1,0.3420,0.3388,0.4608,0.0502,ok
duckdb,query_83,1,1.0366,0.9867,1.3308,0.1971,ok
duckdb,query_84,1,0.9682,0.9463,0.7614,0.1483,ok
duckdb,query_85,1,0.4631,0.4596,0.6963,0.0984,ok
duckdb,query_86,1,0.4461,0.4426,0.8676,0.0955,ok
duckdb,query_87,1,0.8435,0.8382,4.7924,0.1693,ok
duckdb,query_88,1,1.1147,1.1112,1.1133,0.1940,ok
duckdb,query_89,1,0.6226,0.6192,0.7469,0.1104,ok
duckdb,query_9,1,0.6441,0.6395,2.2023,0.1727,ok
duckdb,query_91,1,0.7148,0.7107,1.3605,0.0893,ok
duckdb,query_92,1,0.6423,0.6211,1.3346,0.1455,ok
duckdb,query_93,1,1.6233,1.5639,3.3840,0.3191,ok
duckdb,query_94,1,1.2959,1.2911,1.4896,0.1322,ok
duckdb,query_95,1,0.8655,0.8615,1.2436,0.2022,ok
duckdb,query_97,1,0.8615,0.8582,1.6852,0.1091,ok
duckdb,query_98,1,1.5102,1.4274,1.4808,0.2251,ok
duckdb,query_99,1,0.6599,0.6555,0.6547,0.1181,ok
duckdb,query_join_J100,1,7.8692,7.5684,12.5962,0.8603,ok
duckdb,query_join_J200,1,21.4215,20.2583,46.7737,2.4662,ok
duckdb,query_join_J50,1,6.0763,5.9305,6.4337,0.6279,ok
duckdb,query_union_U10,1,1.0716,0.8738,1.1565,0.0862,ok
duckdb,query_union_U2,1,0.4503,0.4243,0.5054,0.0569,ok
duckdb,query_union_U20,1,1.6509,1.3673,1.9138,0.1137,ok
duckdb,query_union_U5,1,0.7863,0.6866,0.7091,0.0742,ok
duckdb,query_1,2,0.3634,0.3608,0.4478,0.0777,ok
duckdb,query_10,2,0.9459,0.9225,1.2071,0.1896,ok
duckdb,query_11,2,0.8915,0.8876,0.5240,0.0828,ok
duckdb,query_12,2,0.6391,0.6320,0.5760,0.0746,ok
duckdb,query_13,2,0.5694,0.5663,1.1509,0.0922,ok
duckdb,query_14,2,0.5554,0.5528,0.7236,0.0577,ok
duckdb,query_15,2,0.4423,0.4388,0.6214,0.0757,ok
duckdb,query_17,2,0.9738,0.9540,0.7947,0.2962,ok
duckdb,query_18,2,0.4268,0.4232,0.7519,0.0899,ok
duckdb,query_2,2,0.4150,0.4111,0.6448,0.0804,ok
duckdb,query_20,2,1.4624,1.4168,3.7385,0.2802,ok
duckdb,query_21,2,0.4814,0.4782,0.5557,0.0800,ok
duckdb,query_22,2,0.7008,0.6751,1.2665,0.1666,ok
duckdb,query_23,2,0.5330,0.5300,0.9048,0.1198,ok
duckdb,query_24,2,0.8613,0.8570,1.0653,0.0905,ok
duckdb,query_25,2,0.8699,0.8479,0.8857,0.1375,ok
duckdb,query_26,2,1.4452,1.3838,1.6040,0.1832,ok
duckdb,query_27,2,0.6241,0.6215,0.7399,0.0644,ok
duckdb,query_28,2,1.4368,1.4066,1.5205,0.1538,ok
duckdb,query_3,2,1.1285,1.0973,1.5128,0.2098,ok
duckdb,query_30,2,1.0335,1.0163,1.1094,0.1725,ok
duckdb,query_31,2,0.4266,0.4230,0.6189,0.0856,ok
duckdb,query_32,2,0.3691,0.3657,0.4787,0.0622,ok
duckdb,query_33,2,0.6754,0.6718,1.8243,0.1069,ok
duckdb,query_35,2,0.6196,0.6155,0.6047,0.1048,ok
duckdb,query_36,2,1.2975,1.2936,1.5409,0.0868,ok
duckdb,query_37,2,0.6127,0.5868,0.7036,0.1067,ok
duckdb,query_39,2,1.5537,1.5497,1.8527,0.1838,ok
duckdb,query_4,2,0.6108,0.6072,0.7394,0.0943,ok
duckdb,query_40,2,0.6202,0.6166,0.7563,0.1081,ok
duckdb,query_41,2,0.5603,0.5563,2.0195,0.1618,ok
duckdb,query_42,2,0.6979,0.6704,0.9518,0.0936,ok
duckdb,query_43,2,0.5555,0.5484,1.0732,0.1271,ok
duckdb,query_44,2,0.7220,0.6949,0.6441,0.1005,ok
duckdb,query_45,2,0.2805,0.2774,0.4516,0.0737,ok
duckdb,query_46,2,0.7039,0.6868,0.5585,0.1134,ok
duckdb,query_47,2,1.4755,1.4435,1.5840,0.1888,ok
duckdb,query_48,2,1.0785,1.0747,1.3533,0.1742,ok
duckdb,query_49,2,0.8730,0.8670,2.1692,0.1794,ok
duckdb,query_5,2,0.5267,0.5082,0.6746,0.0808,ok
duckdb,query_50,2,0.6567,0.6302,1.8991,0.1597,ok
duckdb,query_51,2,0.7587,0.7354,1.5314,0.1784,ok
duckdb,query_52,2,0.3867,0.3840,0.4250,0.0554,ok
duckdb,query_53,2,0.6883,0.6844,2.1011,0.1371,ok
duckdb,query_54,2,0.5695,0.5670,0.6561,0.1081,ok
duckdb,query_55,2,0.2790,0.2763,0.3096,0.0479,ok
duckdb,query_56,2,0.4878,0.4848,6.2359,0.0901,ok
duckdb,query_57,2,0.3981,0.3950,0.6636,0.0919,ok
duckdb,query_58,2,0.4427,0.4395,0.8189,0.0987,ok
duckdb,query_59,2,0.4230,0.4181,0.5743,0.1209,ok
duckdb,query_6,2,1.5015,1.3165,2.0627,0.2074,ok
duckdb,query_60,2,0.6285,0.6226,1.0941,0.1352,ok
duckdb,query_61,2,0.3570,0.3530,0.4974,0.0936,ok
duckdb,query_62,2,0.6442,0.6050,1.3642,0.0938,ok
duckdb,query_63,2,1.1264,1.1232,2.1201,0.0977,ok
duckdb,query_64,2,0.4238,0.4204,0.6311,0.0938,ok
duckdb,query_65,2,0.3962,0.3929,0.4943,0.0755,ok
duckdb,query_66,2,1.6923,1.6872,23.1713,0.2030,ok
duckdb,query_67,2,0.4078,0.4046,0.6162,0.0663,ok
duckdb,query_68,2,0.9999,0.9641,1.0331,0.1570,ok
duckdb,query_69,2,1.6191,1.5771,1.9951,0.2508,ok
duckdb,query_7,2,0.6543,0.6299,0.9539,0.1150,ok
duckdb,query_70,2,0.6517,0.6271,0.9145,0.1261,ok
duckdb,query_71,2,0.6933,0.6901,0.6679,0.0937,ok
duckdb,query_73,2,0.6005,0.5975,0.9533,0.1011,ok
duckdb,query_74,2,0.4639,0.4614,0.9478,0.0611,ok
duckdb,query_75,2,0.7833,0.7532,0.9113,0.1484,ok
duckdb,query_76,2,0.8852,0.8683,0.8796,0.1342,ok
duckdb,query_77,2,0.5779,0.5753,0.6417,0.1357,ok
duckdb,query_79,2,0.5783,0.5753,0.8735,0.1083,ok
duckdb,query_8,2,0.4413,0.4381,0.9318,0.0880,ok
duckdb,query_80,2,0.4620,0.4587,0.7774,0.0593,ok
duckdb,query_81,2,0.8395,0.8023,1.2133,0.1593,ok
duckdb,query_82,2,0.2760,0.2735,0.4285,0.0518,ok
duckdb,query_83,2,0.9911,0.9445,1.3127,0.1948,ok
duckdb,query_84,2,0.8883,0.8680,0.7379,0.1303,ok
duckdb,query_85,2,0.4462,0.4429,0.6724,0.0923,ok
duckdb,query_86,2,0.6067,0.6029,0.7501,0.1097,ok
duckdb,query_87,2,0.8453,0.8408,4.4997,0.1565,ok
duckdb,query_88,2,0.8601,0.8571,0.9557,0.1360,ok
duckdb,query_89,2,0.5476,0.5445,0.7081,0.1072,ok
duckdb,query_9,2,0.6059,0.6016,2.0609,0.1497,ok
duckdb,query_91,2,0.5583,0.5553,1.2989,0.0782,ok
duckdb,query_92,2,0.6079,0.5874,1.2834,0.1348,ok
duckdb,query_93,2,1.3494,1.3174,3.0501,0.2689,ok
duckdb,query_94,2,2.7403,2.7367,1.3569,0.1117,ok
duckdb,query_95,2,0.8681,0.8636,1.3038,0.2298,ok
duckdb,query_97,2,0.7106,0.7074,1.5747,0.1123,ok
duckdb,query_98,2,1.3701,1.3088,1.4648,0.2169,ok
duckdb,query_99,2,0.5580,0.5547,0.6160,0.1030,ok
duckdb,query_join_J100,2,7.5742,7.3046,12.6631,0.8600,ok
duckdb,query_join_J200,2,17.3599,17.0432,41.3445,1.8916,ok
duckdb,query_join_J50,2,4.9243,4.7278,5.8681,0.5604,ok
duckdb,query_union_U10,2,1.6399,1.2516,1.4508,0.1022,ok
duckdb,query_union_U2,2,0.3982,0.3773,0.4950,0.0560,ok
duckdb,query_union_U20,2,1.7116,1.4724,1.8610,0.1198,ok
duckdb,query_union_U5,2,0.6223,0.5379,0.7212,0.0965,ok
duckdb,query_1,3,0.2862,0.2840,0.4291,0.0745,ok
duckdb,query_10,3,0.8561,0.8339,1.2241,0.1734,ok
duckdb,query_11,3,1.5250,1.5211,0.5053,0.0790,ok
duckdb,query_12,3,0.6251,0.6176,0.5867,0.0734,ok
duckdb,query_13,3,0.6361,0.6323,1.1664,0.0916,ok
duckdb,query_14,3,0.6949,0.6926,0.7325,0.0586,ok
duckdb,query_15,3,0.4613,0.4578,0.6150,0.0763,ok
duckdb,query_17,3,0.9872,0.9677,0.8474,0.0976,ok
duckdb,query_18,3,0.4164,0.4131,0.7701,0.0934,ok
duckdb,query_2,3,0.5018,0.4980,0.7264,0.1008,ok
duckdb,query_20,3,1.4890,1.4454,3.6796,0.2843,ok
duckdb,query_21,3,0.4621,0.4592,0.5725,0.0701,ok
duckdb,query_22,3,0.7066,0.6778,1.2998,0.1750,ok
duckdb,query_23,3,0.5396,0.5361,0.9141,0.1334,ok
duckdb,query_24,3,0.8540,0.8498,1.0665,0.0950,ok
duckdb,query_25,3,0.8560,0.8336,0.9052,0.1175,ok
duckdb,query_26,3,1.5027,1.4338,1.6278,0.1845,ok
duckdb,query_27,3,0.7568,0.7537,0.8468,0.0790,ok
duckdb,query_28,3,1.6193,1.5603,1.3737,0.1585,ok
duckdb,query_3,3,1.0369,1.0111,1.5322,0.2130,ok
duckdb,query_30,3,1.0299,1.0076,1.0422,0.1767,ok
duckdb,query_31,3,0.4371,0.4332,0.6403,0.1006,ok
duckdb,query_32,3,0.3872,0.3834,0.4997,0.0633,ok
duckdb,query_33,3,0.7528,0.7488,1.9939,0.1311,ok
duckdb,query_35,3,0.6182,0.6137,0.6168,0.1183,ok
duckdb,query_36,3,1.2985,1.2949,1.5611,0.0861,ok
duckdb,query_37,3,0.6989,0.6749,0.7606,0.1069,ok
duckdb,query_39,3,1.7893,1.7844,2.0178,0.2577,ok
duckdb,query_4,3,0.4734,0.4710,0.6258,0.0763,ok
duckdb,query_40,3,0.6225,0.6194,0.6708,0.0971,ok
duckdb,query_41,3,0.5730,0.5689,2.0387,0.1475,ok
duckdb,query_42,3,0.7331,0.7006,0.9720,0.1012,ok
duckdb,query_43,3,0.7022,0.6947,1.2383,0.1546,ok
duckdb,query_44,3,0.6752,0.6517,0.7295,0.1107,ok
duckdb,query_45,3,0.2833,0.2800,0.4716,0.0775,ok
duckdb,query_46,3,0.8942,0.8749,0.6726,0.1447,ok
duckdb,query_47,3,2.0251,1.9211,1.6507,0.2168,ok
duckdb,query_48,3,1.2202,1.2163,1.3600,0.2284,ok
duckdb,query_49,3,0.9928,0.9874,1.2668,0.0982,ok
duckdb,query_5,3,0.6355,0.6119,0.7642,0.0962,ok
duckdb,query_50,3,0.6304,0.6164,1.8721,0.1567,ok
duckdb,query_51,3,0.7003,0.6823,1.4484,0.1517,ok
duckdb,query_52,3,0.3559,0.3532,0.3757,0.0458,ok
duckdb,query_53,3,0.7478,0.7427,2.1571,0.1583,ok
duckdb,query_54,3,0.6034,0.6000,0.6735,0.1169,ok
duckdb,query_55,3,0.3682,0.3650,0.3841,0.0582,ok
duckdb,query_56,3,0.5005,0.4977,0.7567,0.0835,ok
duckdb,query_57,3,0.4250,0.4215,0.7228,0.1031,ok
duckdb,query_58,3,0.4882,0.4852,0.8705,0.1046,ok
duckdb,query_59,3,0.3756,0.3719,0.4941,0.1077,ok
duckdb,query_6,3,1.6955,1.5738,2.1973,0.2527,ok
duckdb,query_60,3,0.6477,0.6429,0.9905,0.1249,ok
duckdb,query_61,3,0.3639,0.3602,0.5075,0.1012,ok
duckdb,query_62,3,0.6894,0.6595,1.3791,0.0957,ok
duckdb,query_63,3,1.2408,1.2375,2.2259,0.1204,ok
duckdb,query_64,3,0.5054,0.5006,0.6070,0.1009,ok
duckdb,query_65,3,0.4124,0.4088,0.5055,0.0837,ok
duckdb,query_66,3,1.7882,1.7827,23.2989,0.1995,ok
duckdb,query_67,3,0.3449,0.3414,0.5255,0.0490,ok
duckdb,query_68,3,1.1137,1.0728,1.1142,0.1825,ok
duckdb,query_69,3,1.5201,1.4906,1.9295,0.2440,ok
duckdb,query_7,3,0.7326,0.7032,0.6905,0.1270,ok
duckdb,query_70,3,0.7409,0.7125,0.8935,0.1373,ok
duckdb,query_71,3,0.7460,0.7429,0.6825,0.0907,ok
duckdb,query_73,3,0.5917,0.5888,1.3538,0.1095,ok
duckdb,query_74,3,0.4933,0.4902,0.9649,0.0607,ok
duckdb,query_75,3,0.5584,0.5344,0.8251,0.1611,ok
duckdb,query_76,3,1.0146,0.9942,0.8828,0.1373,ok
duckdb,query_77,3,0.6207,0.6184,0.6450,0.1167,ok
duckdb,query_79,3,0.5714,0.5682,0.8726,0.1040,ok
duckdb,query_8,3,0.5444,0.5409,1.0723,0.1102,ok
duckdb,query_80,3,0.3764,0.3731,0.6646,0.0495,ok
duckdb,query_81,3,0.9009,0.8567,1.2115,0.1651,ok
duckdb,query_82,3,0.2712,0.2678,0.3592,0.0403,ok
duckdb,query_83,3,0.9033,0.8631,1.2303,0.1721,ok
duckdb,query_84,3,0.9780,0.9578,0.7743,0.1510,ok
duckdb,query_85,3,0.4444,0.4406,0.7086,0.0944,ok
duckdb,query_86,3,0.6106,0.6070,0.7561,0.1053,ok
duckdb,query_87,3,0.8744,0.8688,4.6888,0.1796,ok
duckdb,query_88,3,0.8462,0.8428,0.9198,0.1265,ok
duckdb,query_89,3,0.5773,0.5741,0.7349,0.1092,ok
duckdb,query_9,3,0.6314,0.6272,2.1188,0.1478,ok
duckdb,query_91,3,0.9351,0.9311,1.6481,0.1003,ok
duckdb,query_92,3,0.6862,0.6548,1.3526,0.1484,ok
duckdb,query_93,3,1.5623,1.5252,3.1854,0.4149,ok
duckdb,query_94,3,1.2525,1.2476,1.4048,0.1278,ok
duckdb,query_95,3,0.8026,0.7984,1.2479,0.1991,ok
duckdb,query_97,3,0.7597,0.7564,1.5966,0.0970,ok
duckdb,query_98,3,1.4778,1.4165,1.4329,0.3537,ok
duckdb,query_99,3,0.6252,0.6215,0.6421,0.1218,ok
duckdb,query_join_J100,3,8.3794,8.0661,12.8133,0.8967,ok
duckdb,query_join_J200,3,17.3919,16.8136,41.4006,2.2274,ok
duckdb,query_join_J50,3,6.3534,6.0404,6.3673,0.7037,ok
duckdb,query_union_U10,3,1.5837,1.2039,1.4808,0.1050,ok
duckdb,query_union_U2,3,0.5136,0.4774,0.5436,0.0657,ok
duckdb,query_union_U20,3,1.6240,1.3409,1.8789,0.1126,ok
duckdb,query_union_U5,3,0.9690,0.8210,0.6318,0.0775,ok
