suite,engine,query_name,median_s,n_success
prodds,duckdb,query_1.sql,0.527500,10
prodds,duckdb,query_2.sql,0.984000,10
prodds,duckdb,query_3.sql,5.811500,10
prodds,duckdb,query_4.sql,0.646500,10
prodds,duckdb,query_5.sql,0.563500,10
prodds,duckdb,query_6.sql,1.735000,10
prodds,duckdb,query_7.sql,0.350500,10
prodds,duckdb,query_8.sql,1.083000,10
prodds,duckdb,query_9.sql,1.934000,10
prodds,duckdb,query_10.sql,2.889000,10
prodds,duckdb,query_11.sql,0.579000,10
prodds,duckdb,query_12.sql,0.668500,10
prodds,duckdb,query_13.sql,0.349000,10
prodds,duckdb,query_14.sql,0.400000,10
prodds,duckdb,query_15.sql,0.599500,10
prodds,duckdb,query_17.sql,0.569000,10
prodds,duckdb,query_18.sql,0.715000,10
prodds,duckdb,query_20.sql,2.544500,10
prodds,duckdb,query_21.sql,1.151500,10
prodds,duckdb,query_22.sql,0.952500,10
prodds,duckdb,query_23.sql,1.510000,10
prodds,duckdb,query_24.sql,0.601500,10
prodds,duckdb,query_25.sql,0.487000,10
prodds,duckdb,query_26.sql,0.906000,10
prodds,duckdb,query_27.sql,0.872500,10
prodds,duckdb,query_28.sql,0.772000,10
prodds,duckdb,query_30.sql,1.219500,10
prodds,duckdb,query_31.sql,0.600000,10
prodds,duckdb,query_32.sql,0.766000,10
prodds,duckdb,query_33.sql,0.703000,10
prodds,duckdb,query_35.sql,3.276000,10
prodds,duckdb,query_36.sql,1.137500,10
prodds,duckdb,query_37.sql,0.902000,10
prodds,duckdb,query_39.sql,1.710500,10
prodds,duckdb,query_40.sql,0.372500,10
prodds,duckdb,query_41.sql,2.396000,10
prodds,duckdb,query_42.sql,2.171000,10
prodds,duckdb,query_43.sql,2.278000,10
prodds,duckdb,query_44.sql,0.493500,10
prodds,duckdb,query_45.sql,0.911500,10
prodds,duckdb,query_46.sql,5.622500,10
prodds,duckdb,query_47.sql,1.249500,10
prodds,duckdb,query_48.sql,1.717500,10
prodds,duckdb,query_49.sql,0.915500,10
prodds,duckdb,query_50.sql,0.941500,10
prodds,duckdb,query_51.sql,1.650500,10
prodds,duckdb,query_52.sql,2.067000,10
prodds,duckdb,query_53.sql,2.182000,10
prodds,duckdb,query_54.sql,0.913500,10
prodds,duckdb,query_55.sql,1.110500,10
prodds,duckdb,query_56.sql,0.945000,10
prodds,duckdb,query_57.sql,0.468500,10
prodds,duckdb,query_58.sql,0.677500,10
prodds,duckdb,query_59.sql,0.898000,10
prodds,duckdb,query_60.sql,1.231000,10
prodds,duckdb,query_61.sql,0.849000,10
prodds,duckdb,query_62.sql,0.336000,10
prodds,duckdb,query_63.sql,0.986500,10
prodds,duckdb,query_64.sql,0.379000,10
prodds,duckdb,query_65.sql,0.312500,10
prodds,duckdb,query_66.sql,1.187000,10
prodds,duckdb,query_67.sql,0.739500,10
prodds,duckdb,query_68.sql,1.961000,10
prodds,duckdb,query_69.sql,4.944000,10
prodds,duckdb,query_70.sql,1.036000,10
prodds,duckdb,query_71.sql,1.753500,10
prodds,duckdb,query_73.sql,0.740500,10
prodds,duckdb,query_74.sql,1.199000,10
prodds,duckdb,query_75.sql,0.525500,10
prodds,duckdb,query_76.sql,1.195000,10
prodds,duckdb,query_77.sql,0.933500,10
prodds,duckdb,query_79.sql,0.750000,10
prodds,duckdb,query_80.sql,0.316000,10
prodds,duckdb,query_81.sql,0.940000,10
prodds,duckdb,query_82.sql,0.698500,10
prodds,duckdb,query_83.sql,0.959000,10
prodds,duckdb,query_84.sql,0.860000,10
prodds,duckdb,query_85.sql,0.479500,10
prodds,duckdb,query_86.sql,0.557000,10
prodds,duckdb,query_87.sql,2.438500,10
prodds,duckdb,query_88.sql,0.908500,10
prodds,duckdb,query_89.sql,1.005500,10
prodds,duckdb,query_91.sql,1.150500,10
prodds,duckdb,query_92.sql,1.107500,10
prodds,duckdb,query_93.sql,2.478500,10
prodds,duckdb,query_94.sql,0.797000,10
prodds,duckdb,query_95.sql,1.022000,10
prodds,duckdb,query_97.sql,1.428500,10
prodds,duckdb,query_98.sql,1.100500,10
prodds,duckdb,query_99.sql,1.278000,10
prodds,duckdb,query_join_J50.sql,5.354500,10
prodds,duckdb,query_join_J100.sql,8.549500,10
prodds,duckdb,query_join_J200.sql,15.813500,10
prodds,duckdb,query_union_U2.sql,1.062500,10
prodds,duckdb,query_union_U5.sql,1.890000,10
prodds,duckdb,query_union_U10.sql,4.691000,10
prodds,duckdb,query_union_U20.sql,10.174000,10
prodds,cedardb,query_1.sql,0.056000,10
prodds,cedardb,query_2.sql,0.866000,10
prodds,cedardb,query_3.sql,1.423500,10
prodds,cedardb,query_4.sql,0.088000,10
prodds,cedardb,query_5.sql,0.241500,10
prodds,cedardb,query_6.sql,0.462000,10
prodds,cedardb,query_7.sql,0.217000,10
prodds,cedardb,query_8.sql,0.420000,10
prodds,cedardb,query_9.sql,13.783000,10
prodds,cedardb,query_10.sql,1.959000,10
prodds,cedardb,query_11.sql,0.168000,10
prodds,cedardb,query_12.sql,0.095000,10
prodds,cedardb,query_13.sql,0.063000,10
prodds,cedardb,query_14.sql,0.127500,10
prodds,cedardb,query_15.sql,0.103000,10
prodds,cedardb,query_17.sql,0.067000,10
prodds,cedardb,query_18.sql,0.427500,10
prodds,cedardb,query_20.sql,0.818000,10
prodds,cedardb,query_21.sql,0.391000,10
prodds,cedardb,query_22.sql,0.359000,10
prodds,cedardb,query_23.sql,0.268500,10
prodds,cedardb,query_24.sql,0.195500,10
prodds,cedardb,query_25.sql,0.080500,10
prodds,cedardb,query_26.sql,0.165000,10
prodds,cedardb,query_27.sql,0.242500,10
prodds,cedardb,query_28.sql,0.157000,10
prodds,cedardb,query_30.sql,0.273000,10
prodds,cedardb,query_31.sql,0.164500,10
prodds,cedardb,query_32.sql,0.484000,10
prodds,cedardb,query_33.sql,0.141000,10
prodds,cedardb,query_35.sql,1.433000,10
prodds,cedardb,query_36.sql,0.368500,10
prodds,cedardb,query_37.sql,0.486500,10
prodds,cedardb,query_39.sql,0.087000,10
prodds,cedardb,query_40.sql,0.060500,10
prodds,cedardb,query_41.sql,4.983000,10
prodds,cedardb,query_42.sql,1.291000,10
prodds,cedardb,query_43.sql,0.049000,10
prodds,cedardb,query_44.sql,0.117000,10
prodds,cedardb,query_45.sql,0.475500,10
prodds,cedardb,query_46.sql,71.699000,10
prodds,cedardb,query_47.sql,0.817000,10
prodds,cedardb,query_48.sql,1.118000,10
prodds,cedardb,query_49.sql,0.268500,10
prodds,cedardb,query_50.sql,0.569000,10
prodds,cedardb,query_51.sql,10.615500,10
prodds,cedardb,query_52.sql,0.112000,10
prodds,cedardb,query_53.sql,10.025000,10
prodds,cedardb,query_54.sql,3.300500,10
prodds,cedardb,query_55.sql,0.645000,10
prodds,cedardb,query_56.sql,0.327500,10
prodds,cedardb,query_57.sql,0.092000,10
prodds,cedardb,query_58.sql,0.222500,10
prodds,cedardb,query_59.sql,0.377000,10
prodds,cedardb,query_60.sql,0.119500,10
prodds,cedardb,query_61.sql,0.290000,10
prodds,cedardb,query_62.sql,0.062500,10
prodds,cedardb,query_63.sql,0.142000,10
prodds,cedardb,query_64.sql,0.096000,10
prodds,cedardb,query_65.sql,0.123000,10
prodds,cedardb,query_66.sql,0.179500,10
prodds,cedardb,query_67.sql,0.110500,10
prodds,cedardb,query_68.sql,0.643000,10
prodds,cedardb,query_69.sql,4.570000,10
prodds,cedardb,query_70.sql,0.360500,10
prodds,cedardb,query_71.sql,1.221000,10
prodds,cedardb,query_73.sql,0.080000,10
prodds,cedardb,query_74.sql,0.123000,10
prodds,cedardb,query_75.sql,0.274500,10
prodds,cedardb,query_76.sql,1.456000,10
prodds,cedardb,query_77.sql,4.580000,10
prodds,cedardb,query_79.sql,0.074000,10
prodds,cedardb,query_80.sql,0.087000,10
prodds,cedardb,query_81.sql,0.258500,10
prodds,cedardb,query_82.sql,0.204500,10
prodds,cedardb,query_83.sql,0.393500,10
prodds,cedardb,query_84.sql,0.221000,10
prodds,cedardb,query_85.sql,0.250000,10
prodds,cedardb,query_86.sql,0.191500,10
prodds,cedardb,query_87.sql,0.421500,10
prodds,cedardb,query_88.sql,0.289500,10
prodds,cedardb,query_89.sql,0.381500,10
prodds,cedardb,query_91.sql,0.129500,10
prodds,cedardb,query_92.sql,0.092000,10
prodds,cedardb,query_93.sql,7.626500,10
prodds,cedardb,query_94.sql,0.379500,10
prodds,cedardb,query_95.sql,0.141500,10
prodds,cedardb,query_97.sql,0.349000,10
prodds,cedardb,query_98.sql,0.565000,10
prodds,cedardb,query_99.sql,0.123000,10
prodds,cedardb,query_join_J50.sql,895.498500,10
prodds,cedardb,query_join_J100.sql,1034.152500,10
prodds,cedardb,query_join_J200.sql,1287.219000,10
prodds,cedardb,query_union_U2.sql,9.425000,10
prodds,cedardb,query_union_U5.sql,23.580000,10
prodds,cedardb,query_union_U10.sql,66.404500,10
prodds,cedardb,query_union_U20.sql,154.123500,10
prodds,monetdb,query_1.sql,0.089500,10
prodds,monetdb,query_2.sql,0.554500,10
prodds,monetdb,query_3.sql,64.199500,10
prodds,monetdb,query_4.sql,0.160500,10
prodds,monetdb,query_5.sql,20.385000,10
prodds,monetdb,query_6.sql,68.476500,10
prodds,monetdb,query_7.sql,0.295500,10
prodds,monetdb,query_8.sql,0.420000,10
prodds,monetdb,query_9.sql,11.284000,10
prodds,monetdb,query_10.sql,107.734500,10
prodds,monetdb,query_11.sql,0.015000,10
prodds,monetdb,query_12.sql,0.633500,10
prodds,monetdb,query_13.sql,0.076000,10
prodds,monetdb,query_14.sql,0.517500,10
prodds,monetdb,query_15.sql,0.199000,10
prodds,monetdb,query_17.sql,0.229500,10
prodds,monetdb,query_18.sql,0.151000,10
prodds,monetdb,query_20.sql,10.648000,10
prodds,monetdb,query_21.sql,0.016500,10
prodds,monetdb,query_22.sql,0.306500,10
prodds,monetdb,query_23.sql,3.112500,10
prodds,monetdb,query_24.sql,1.031500,10
prodds,monetdb,query_25.sql,0.759500,10
prodds,monetdb,query_26.sql,5.167000,10
prodds,monetdb,query_27.sql,0.376500,10
prodds,monetdb,query_28.sql,0.324000,10
prodds,monetdb,query_30.sql,3.829000,10
prodds,monetdb,query_31.sql,0.048000,10
prodds,monetdb,query_32.sql,0.311500,10
prodds,monetdb,query_33.sql,0.328500,10
prodds,monetdb,query_35.sql,111.653000,10
prodds,monetdb,query_36.sql,0.506000,10
prodds,monetdb,query_37.sql,0.446000,10
prodds,monetdb,query_39.sql,1.186500,10
prodds,monetdb,query_40.sql,0.067000,10
prodds,monetdb,query_41.sql,38.144000,10
prodds,monetdb,query_42.sql,2.583500,10
prodds,monetdb,query_43.sql,32.945500,10
prodds,monetdb,query_44.sql,0.123000,10
prodds,monetdb,query_45.sql,1.178500,10
prodds,monetdb,query_46.sql,129.430000,10
prodds,monetdb,query_47.sql,5.233500,10
prodds,monetdb,query_48.sql,21.570000,10
prodds,monetdb,query_49.sql,0.734500,10
prodds,monetdb,query_50.sql,9.006000,10
prodds,monetdb,query_51.sql,13.704000,10
prodds,monetdb,query_52.sql,11.671000,10
prodds,monetdb,query_53.sql,34.847500,10
prodds,monetdb,query_54.sql,9.795500,10
prodds,monetdb,query_55.sql,16.204000,10
prodds,monetdb,query_56.sql,0.404000,10
prodds,monetdb,query_57.sql,0.182000,10
prodds,monetdb,query_58.sql,1.855000,10
prodds,monetdb,query_59.sql,0.461000,10
prodds,monetdb,query_60.sql,2.786000,10
prodds,monetdb,query_61.sql,1.502000,10
prodds,monetdb,query_62.sql,0.027500,10
prodds,monetdb,query_63.sql,0.647000,10
prodds,monetdb,query_64.sql,0.086000,10
prodds,monetdb,query_65.sql,0.142000,10
prodds,monetdb,query_66.sql,0.415000,10
prodds,monetdb,query_67.sql,0.316000,10
prodds,monetdb,query_68.sql,44.122000,10
prodds,monetdb,query_69.sql,108.703500,10
prodds,monetdb,query_70.sql,0.707500,10
prodds,monetdb,query_71.sql,13.496000,10
prodds,monetdb,query_73.sql,0.170000,10
prodds,monetdb,query_74.sql,0.703000,10
prodds,monetdb,query_75.sql,0.174000,10
prodds,monetdb,query_76.sql,12.395500,10
prodds,monetdb,query_77.sql,9.942500,10
prodds,monetdb,query_79.sql,0.272000,10
prodds,monetdb,query_80.sql,0.077000,10
prodds,monetdb,query_81.sql,0.767000,10
prodds,monetdb,query_82.sql,0.253500,10
prodds,monetdb,query_83.sql,0.127000,10
prodds,monetdb,query_84.sql,15.706000,10
prodds,monetdb,query_85.sql,0.152500,10
prodds,monetdb,query_86.sql,1.948500,10
prodds,monetdb,query_87.sql,19.846000,10
prodds,monetdb,query_88.sql,0.391000,10
prodds,monetdb,query_89.sql,0.598500,10
prodds,monetdb,query_91.sql,0.604500,10
prodds,monetdb,query_92.sql,0.334500,10
prodds,monetdb,query_93.sql,28.166000,10
prodds,monetdb,query_94.sql,4.244000,10
prodds,monetdb,query_95.sql,0.191000,10
prodds,monetdb,query_97.sql,0.263500,10
prodds,monetdb,query_98.sql,12.300000,10
prodds,monetdb,query_99.sql,0.478500,10
prodds,monetdb,query_join_J50.sql,471.158000,10
prodds,monetdb,query_join_J100.sql,580.324500,10
prodds,monetdb,query_join_J200.sql,808.528500,10
prodds,monetdb,query_union_U2.sql,10.591000,10
prodds,monetdb,query_union_U5.sql,26.418000,10
prodds,monetdb,query_union_U10.sql,72.950500,10
prodds,monetdb,query_union_U20.sql,155.100000,10
tpcds,duckdb,query_1.sql,0.464000,10
tpcds,duckdb,query_2.sql,0.975000,10
tpcds,duckdb,query_3.sql,1.951500,10
tpcds,duckdb,query_4.sql,0.630500,10
tpcds,duckdb,query_5.sql,0.480500,10
tpcds,duckdb,query_6.sql,1.568500,10
tpcds,duckdb,query_7.sql,0.327000,10
tpcds,duckdb,query_8.sql,0.747500,10
tpcds,duckdb,query_9.sql,0.898000,10
tpcds,duckdb,query_10.sql,3.089500,10
tpcds,duckdb,query_11.sql,0.533500,10
tpcds,duckdb,query_12.sql,0.563500,10
tpcds,duckdb,query_13.sql,0.282500,10
tpcds,duckdb,query_14.sql,0.366000,10
tpcds,duckdb,query_15.sql,0.627000,10
tpcds,duckdb,query_16.sql,1.014000,10
tpcds,duckdb,query_17.sql,0.626000,10
tpcds,duckdb,query_18.sql,0.622000,10
tpcds,duckdb,query_19.sql,0.847000,10
tpcds,duckdb,query_20.sql,2.132500,10
tpcds,duckdb,query_21.sql,0.893000,10
tpcds,duckdb,query_22.sql,0.803000,10
tpcds,duckdb,query_23.sql,0.980500,10
tpcds,duckdb,query_24.sql,0.501000,10
tpcds,duckdb,query_25.sql,0.446500,10
tpcds,duckdb,query_26.sql,0.726000,10
tpcds,duckdb,query_27.sql,0.598500,10
tpcds,duckdb,query_28.sql,0.736000,10
tpcds,duckdb,query_29.sql,0.907500,10
tpcds,duckdb,query_30.sql,1.142000,10
tpcds,duckdb,query_31.sql,1.334000,10
tpcds,duckdb,query_32.sql,0.731000,10
tpcds,duckdb,query_33.sql,0.759000,10
tpcds,duckdb,query_34.sql,0.852500,10
tpcds,duckdb,query_35.sql,9.403500,10
tpcds,duckdb,query_36.sql,0.952000,10
tpcds,duckdb,query_37.sql,0.516500,10
tpcds,duckdb,query_38.sql,1.605000,10
tpcds,duckdb,query_39.sql,0.752000,10
tpcds,duckdb,query_40.sql,0.313000,10
tpcds,duckdb,query_41.sql,0.911500,10
tpcds,duckdb,query_42.sql,1.700000,10
tpcds,duckdb,query_43.sql,2.359500,10
tpcds,duckdb,query_44.sql,0.514500,10
tpcds,duckdb,query_45.sql,0.573500,10
tpcds,duckdb,query_46.sql,3.480000,10
tpcds,duckdb,query_47.sql,1.088000,10
tpcds,duckdb,query_48.sql,1.067500,10
tpcds,duckdb,query_49.sql,0.908500,10
tpcds,duckdb,query_50.sql,0.847000,10
tpcds,duckdb,query_51.sql,1.692000,10
tpcds,duckdb,query_52.sql,2.132500,10
tpcds,duckdb,query_53.sql,0.994500,10
tpcds,duckdb,query_54.sql,0.927500,10
tpcds,duckdb,query_55.sql,3.062000,10
tpcds,duckdb,query_56.sql,0.705000,10
tpcds,duckdb,query_57.sql,0.464000,10
tpcds,duckdb,query_58.sql,0.716000,10
tpcds,duckdb,query_59.sql,0.567500,10
tpcds,duckdb,query_60.sql,0.804000,10
tpcds,duckdb,query_61.sql,0.533000,10
tpcds,duckdb,query_62.sql,0.288000,10
tpcds,duckdb,query_63.sql,0.943000,10
tpcds,duckdb,query_64.sql,0.528000,10
tpcds,duckdb,query_65.sql,0.503000,10
tpcds,duckdb,query_66.sql,0.927000,10
tpcds,duckdb,query_67.sql,0.620500,10
tpcds,duckdb,query_68.sql,4.458500,10
tpcds,duckdb,query_69.sql,4.632500,10
tpcds,duckdb,query_70.sql,1.194500,10
tpcds,duckdb,query_71.sql,1.366500,10
tpcds,duckdb,query_72.sql,0.784500,10
tpcds,duckdb,query_73.sql,0.754000,10
tpcds,duckdb,query_74.sql,0.949500,10
tpcds,duckdb,query_75.sql,0.515500,10
tpcds,duckdb,query_76.sql,1.226000,10
tpcds,duckdb,query_77.sql,0.944500,10
tpcds,duckdb,query_78.sql,0.898500,10
tpcds,duckdb,query_79.sql,0.651000,10
tpcds,duckdb,query_80.sql,0.300000,10
tpcds,duckdb,query_81.sql,0.770000,10
tpcds,duckdb,query_82.sql,0.568500,10
tpcds,duckdb,query_83.sql,0.906000,10
tpcds,duckdb,query_84.sql,0.590500,10
tpcds,duckdb,query_85.sql,0.496000,10
tpcds,duckdb,query_86.sql,0.506000,10
tpcds,duckdb,query_87.sql,1.579000,10
tpcds,duckdb,query_88.sql,0.665500,10
tpcds,duckdb,query_89.sql,0.845000,10
tpcds,duckdb,query_90.sql,0.828500,10
tpcds,duckdb,query_91.sql,1.065000,10
tpcds,duckdb,query_92.sql,0.806000,10
tpcds,duckdb,query_93.sql,2.339000,10
tpcds,duckdb,query_94.sql,0.560500,10
tpcds,duckdb,query_95.sql,1.008500,10
tpcds,duckdb,query_96.sql,0.409500,10
tpcds,duckdb,query_97.sql,0.879000,10
tpcds,duckdb,query_98.sql,1.297500,10
tpcds,duckdb,query_99.sql,1.003000,10
tpcds,cedardb,query_1.sql,0.066000,10
tpcds,cedardb,query_2.sql,0.104000,10
tpcds,cedardb,query_3.sql,0.831500,10
tpcds,cedardb,query_4.sql,0.129000,10
tpcds,cedardb,query_5.sql,0.191000,10
tpcds,cedardb,query_6.sql,0.156000,10
tpcds,cedardb,query_7.sql,0.061500,10
tpcds,cedardb,query_8.sql,0.085500,10
tpcds,cedardb,query_9.sql,0.133500,10
tpcds,cedardb,query_10.sql,1.224000,10
tpcds,cedardb,query_11.sql,0.098500,10
tpcds,cedardb,query_12.sql,0.124500,10
tpcds,cedardb,query_13.sql,0.070500,10
tpcds,cedardb,query_14.sql,0.104500,10
tpcds,cedardb,query_15.sql,0.089500,10
tpcds,cedardb,query_16.sql,0.133500,10
tpcds,cedardb,query_17.sql,0.066000,10
tpcds,cedardb,query_18.sql,0.086500,10
tpcds,cedardb,query_19.sql,0.138000,10
tpcds,cedardb,query_20.sql,0.412500,10
tpcds,cedardb,query_21.sql,0.147500,10
tpcds,cedardb,query_22.sql,0.121000,10
tpcds,cedardb,query_23.sql,0.133000,10
tpcds,cedardb,query_24.sql,0.135500,10
tpcds,cedardb,query_25.sql,0.086000,10
tpcds,cedardb,query_26.sql,0.099000,10
tpcds,cedardb,query_27.sql,0.089500,10
tpcds,cedardb,query_28.sql,0.112500,10
tpcds,cedardb,query_29.sql,0.147500,10
tpcds,cedardb,query_30.sql,0.225500,10
tpcds,cedardb,query_31.sql,0.078500,10
tpcds,cedardb,query_32.sql,0.484000,10
tpcds,cedardb,query_33.sql,0.082500,10
tpcds,cedardb,query_34.sql,0.139500,10
tpcds,cedardb,query_35.sql,2.776500,10
tpcds,cedardb,query_36.sql,0.294000,10
tpcds,cedardb,query_37.sql,0.142500,10
tpcds,cedardb,query_38.sql,0.694000,10
tpcds,cedardb,query_39.sql,0.093000,10
tpcds,cedardb,query_40.sql,0.058000,10
tpcds,cedardb,query_41.sql,0.136500,10
tpcds,cedardb,query_42.sql,0.548000,10
tpcds,cedardb,query_43.sql,0.092000,10
tpcds,cedardb,query_44.sql,0.055500,10
tpcds,cedardb,query_45.sql,0.088500,10
tpcds,cedardb,query_46.sql,1.211000,10
tpcds,cedardb,query_47.sql,0.226500,10
tpcds,cedardb,query_48.sql,0.091500,10
tpcds,cedardb,query_49.sql,0.263500,10
tpcds,cedardb,query_50.sql,0.143000,10
tpcds,cedardb,query_51.sql,0.921500,10
tpcds,cedardb,query_52.sql,0.082500,10
tpcds,cedardb,query_53.sql,0.127000,10
tpcds,cedardb,query_54.sql,2.277500,10
tpcds,cedardb,query_55.sql,0.494000,10
tpcds,cedardb,query_56.sql,0.112000,10
tpcds,cedardb,query_57.sql,0.095500,10
tpcds,cedardb,query_58.sql,0.100000,10
tpcds,cedardb,query_59.sql,0.082000,10
tpcds,cedardb,query_60.sql,0.118500,10
tpcds,cedardb,query_61.sql,0.069000,10
tpcds,cedardb,query_62.sql,0.071000,10
tpcds,cedardb,query_63.sql,0.126500,10
tpcds,cedardb,query_64.sql,0.090500,10
tpcds,cedardb,query_65.sql,0.091500,10
tpcds,cedardb,query_66.sql,0.162500,10
tpcds,cedardb,query_67.sql,0.086500,10
tpcds,cedardb,query_68.sql,1.093500,10
tpcds,cedardb,query_69.sql,3.548500,10
tpcds,cedardb,query_70.sql,0.359500,10
tpcds,cedardb,query_71.sql,0.407000,10
tpcds,cedardb,query_72.sql,0.346000,10
tpcds,cedardb,query_73.sql,0.210000,10
tpcds,cedardb,query_74.sql,0.081000,10
tpcds,cedardb,query_75.sql,0.105000,10
tpcds,cedardb,query_76.sql,0.576500,10
tpcds,cedardb,query_77.sql,2.294000,10
tpcds,cedardb,query_78.sql,0.139000,10
tpcds,cedardb,query_79.sql,0.081000,10
tpcds,cedardb,query_80.sql,0.064000,10
tpcds,cedardb,query_81.sql,0.109000,10
tpcds,cedardb,query_82.sql,0.082500,10
tpcds,cedardb,query_83.sql,0.135500,10
tpcds,cedardb,query_84.sql,0.166000,10
tpcds,cedardb,query_85.sql,0.092000,10
tpcds,cedardb,query_86.sql,0.086500,10
tpcds,cedardb,query_87.sql,0.994500,10
tpcds,cedardb,query_88.sql,0.090500,10
tpcds,cedardb,query_89.sql,0.138000,10
tpcds,cedardb,query_90.sql,0.196000,10
tpcds,cedardb,query_91.sql,0.079500,10
tpcds,cedardb,query_92.sql,0.067500,10
tpcds,cedardb,query_93.sql,1.102000,10
tpcds,cedardb,query_94.sql,0.237000,10
tpcds,cedardb,query_95.sql,0.091000,10
tpcds,cedardb,query_96.sql,0.107000,10
tpcds,cedardb,query_97.sql,0.099000,10
tpcds,cedardb,query_98.sql,0.289000,10
tpcds,cedardb,query_99.sql,0.108000,10
tpcds,monetdb,query_1.sql,0.089500,10
tpcds,monetdb,query_2.sql,0.233000,10
tpcds,monetdb,query_3.sql,37.287000,10
tpcds,monetdb,query_4.sql,0.114500,10
tpcds,monetdb,query_5.sql,9.263500,10
tpcds,monetdb,query_6.sql,61.827000,10
tpcds,monetdb,query_7.sql,0.165500,10
tpcds,monetdb,query_8.sql,0.258500,10
tpcds,monetdb,query_9.sql,5.073500,10
tpcds,monetdb,query_10.sql,75.638500,10
tpcds,monetdb,query_11.sql,0.015000,10
tpcds,monetdb,query_12.sql,1.458000,10
tpcds,monetdb,query_13.sql,0.079500,10
tpcds,monetdb,query_14.sql,0.359000,10
tpcds,monetdb,query_15.sql,0.300500,10
tpcds,monetdb,query_16.sql,4.663500,10
tpcds,monetdb,query_17.sql,0.245500,10
tpcds,monetdb,query_18.sql,0.076500,10
tpcds,monetdb,query_19.sql,5.103500,10
tpcds,monetdb,query_20.sql,6.312500,10
tpcds,monetdb,query_21.sql,0.016000,10
tpcds,monetdb,query_22.sql,0.250500,10
tpcds,monetdb,query_23.sql,0.345500,10
tpcds,monetdb,query_24.sql,1.550500,10
tpcds,monetdb,query_25.sql,0.312000,10
tpcds,monetdb,query_26.sql,0.375500,10
tpcds,monetdb,query_27.sql,0.169500,10
tpcds,monetdb,query_28.sql,1.398000,10
tpcds,monetdb,query_29.sql,0.275500,10
tpcds,monetdb,query_30.sql,3.942000,10
tpcds,monetdb,query_31.sql,0.166500,10
tpcds,monetdb,query_32.sql,0.514500,10
tpcds,monetdb,query_33.sql,0.697000,10
tpcds,monetdb,query_34.sql,0.016000,10
tpcds,monetdb,query_35.sql,46.262000,10
tpcds,monetdb,query_36.sql,0.509500,10
tpcds,monetdb,query_37.sql,0.732000,10
tpcds,monetdb,query_38.sql,28.965500,10
tpcds,monetdb,query_39.sql,1.544500,10
tpcds,monetdb,query_40.sql,0.062000,10
tpcds,monetdb,query_41.sql,13.018500,10
tpcds,monetdb,query_42.sql,1.504500,10
tpcds,monetdb,query_43.sql,276.417500,10
tpcds,monetdb,query_44.sql,0.066000,10
tpcds,monetdb,query_45.sql,0.181500,10
tpcds,monetdb,query_46.sql,16.792000,10
tpcds,monetdb,query_47.sql,4.533500,10
tpcds,monetdb,query_48.sql,3.345000,10
tpcds,monetdb,query_49.sql,0.741000,10
tpcds,monetdb,query_50.sql,7.722000,10
tpcds,monetdb,query_51.sql,19.656500,10
tpcds,monetdb,query_52.sql,10.236500,10
tpcds,monetdb,query_53.sql,5.099500,10
tpcds,monetdb,query_54.sql,13.549500,10
tpcds,monetdb,query_55.sql,19.312500,10
tpcds,monetdb,query_56.sql,0.165500,10
tpcds,monetdb,query_57.sql,0.435000,10
tpcds,monetdb,query_58.sql,2.666000,10
tpcds,monetdb,query_59.sql,0.219000,10
tpcds,monetdb,query_60.sql,0.461000,10
tpcds,monetdb,query_61.sql,0.208000,10
tpcds,monetdb,query_62.sql,0.024000,10
tpcds,monetdb,query_63.sql,1.060500,10
tpcds,monetdb,query_64.sql,0.135500,10
tpcds,monetdb,query_65.sql,0.261000,10
tpcds,monetdb,query_66.sql,0.420500,10
tpcds,monetdb,query_67.sql,0.337500,10
tpcds,monetdb,query_68.sql,90.980000,10
tpcds,monetdb,query_69.sql,35.145000,10
tpcds,monetdb,query_70.sql,0.708500,10
tpcds,monetdb,query_71.sql,10.467500,10
tpcds,monetdb,query_72.sql,0.483500,10
tpcds,monetdb,query_73.sql,0.277500,10
tpcds,monetdb,query_74.sql,0.579000,10
tpcds,monetdb,query_75.sql,0.277000,10
tpcds,monetdb,query_76.sql,42.313000,10
tpcds,monetdb,query_77.sql,15.126500,10
tpcds,monetdb,query_78.sql,3.825000,10
tpcds,monetdb,query_79.sql,0.088500,10
tpcds,monetdb,query_80.sql,0.072000,10
tpcds,monetdb,query_81.sql,1.238500,10
tpcds,monetdb,query_82.sql,0.219000,10
tpcds,monetdb,query_83.sql,0.143000,10
tpcds,monetdb,query_84.sql,5.089500,10
tpcds,monetdb,query_85.sql,0.149000,10
tpcds,monetdb,query_86.sql,1.379500,10
tpcds,monetdb,query_87.sql,2.895000,10
tpcds,monetdb,query_88.sql,0.172000,10
tpcds,monetdb,query_89.sql,0.470000,10
tpcds,monetdb,query_90.sql,3.149500,10
tpcds,monetdb,query_91.sql,0.566500,10
tpcds,monetdb,query_92.sql,0.303500,10
tpcds,monetdb,query_93.sql,38.264500,10
tpcds,monetdb,query_94.sql,3.357000,10
tpcds,monetdb,query_95.sql,0.176000,10
tpcds,monetdb,query_96.sql,0.614000,10
tpcds,monetdb,query_97.sql,0.301500,10
tpcds,monetdb,query_98.sql,15.874500,10
tpcds,monetdb,query_99.sql,0.358500,10
