variant,tier,engine,query_id,median_ms,n_success
baseline,medium,cedardb,query_1,55.5,10
baseline,medium,cedardb,query_2,1460.5,10
baseline,medium,cedardb,query_3,1449.0,10
baseline,medium,cedardb,query_4,116.0,10
baseline,medium,cedardb,query_5,229.0,10
baseline,medium,cedardb,query_6,523.5,10
baseline,medium,cedardb,query_7,217.0,10
baseline,medium,cedardb,query_8,675.5,10
baseline,medium,cedardb,query_9,2699.0,10
baseline,medium,cedardb,query_10,2178.0,10
baseline,medium,cedardb,query_11,174.0,10
baseline,medium,cedardb,query_12,146.0,10
baseline,medium,cedardb,query_13,81.0,10
baseline,medium,cedardb,query_14,184.5,10
baseline,medium,cedardb,query_15,103.0,10
baseline,medium,cedardb,query_17,72.5,10
baseline,medium,cedardb,query_18,154.5,10
baseline,medium,cedardb,query_20,913.5,10
baseline,medium,cedardb,query_21,478.0,10
baseline,medium,cedardb,query_22,400.5,10
baseline,medium,cedardb,query_23,210.5,10
baseline,medium,cedardb,query_24,220.0,10
baseline,medium,cedardb,query_25,81.0,10
baseline,medium,cedardb,query_26,206.5,10
baseline,medium,cedardb,query_27,242.5,10
baseline,medium,cedardb,query_28,174.0,10
baseline,medium,cedardb,query_30,479.5,10
baseline,medium,cedardb,query_31,167.0,10
baseline,medium,cedardb,query_32,590.0,10
baseline,medium,cedardb,query_33,141.0,10
baseline,medium,cedardb,query_35,3000.0,10
baseline,medium,cedardb,query_36,384.5,10
baseline,medium,cedardb,query_37,424.0,10
baseline,medium,cedardb,query_39,94.5,10
baseline,medium,cedardb,query_40,93.0,10
baseline,medium,cedardb,query_41,2860.0,10
baseline,medium,cedardb,query_42,1409.5,10
baseline,medium,cedardb,query_43,104.0,10
baseline,medium,cedardb,query_44,157.0,10
baseline,medium,cedardb,query_45,482.0,10
baseline,medium,cedardb,query_46,2218.0,10
baseline,medium,cedardb,query_47,3869.5,10
baseline,medium,cedardb,query_48,798.5,10
baseline,medium,cedardb,query_49,263.0,10
baseline,medium,cedardb,query_50,218.0,10
baseline,medium,cedardb,query_51,912.0,10
baseline,medium,cedardb,query_52,496.5,10
baseline,medium,cedardb,query_53,1910.0,10
baseline,medium,cedardb,query_54,2526.5,10
baseline,medium,cedardb,query_55,4495.0,10
baseline,medium,cedardb,query_56,324.5,10
baseline,medium,cedardb,query_57,101.5,10
baseline,medium,cedardb,query_58,256.5,10
baseline,medium,cedardb,query_59,387.0,10
baseline,medium,cedardb,query_60,262.5,10
baseline,medium,cedardb,query_61,271.0,10
baseline,medium,cedardb,query_62,117.5,10
baseline,medium,cedardb,query_63,152.5,10
baseline,medium,cedardb,query_64,117.0,10
baseline,medium,cedardb,query_65,147.0,10
baseline,medium,cedardb,query_66,181.0,10
baseline,medium,cedardb,query_67,218.0,10
baseline,medium,cedardb,query_68,658.0,10
baseline,medium,cedardb,query_69,4606.5,10
baseline,medium,cedardb,query_70,1298.5,10
baseline,medium,cedardb,query_71,1641.0,10
baseline,medium,cedardb,query_73,206.5,10
baseline,medium,cedardb,query_74,96.5,10
baseline,medium,cedardb,query_75,118.5,10
baseline,medium,cedardb,query_76,793.0,10
baseline,medium,cedardb,query_77,2482.0,10
baseline,medium,cedardb,query_79,91.5,10
baseline,medium,cedardb,query_80,142.0,10
baseline,medium,cedardb,query_81,282.5,10
baseline,medium,cedardb,query_82,197.0,10
baseline,medium,cedardb,query_83,397.5,10
baseline,medium,cedardb,query_84,226.0,10
baseline,medium,cedardb,query_85,475.0,10
baseline,medium,cedardb,query_86,239.0,10
baseline,medium,cedardb,query_87,1023.5,10
baseline,medium,cedardb,query_88,290.0,10
baseline,medium,cedardb,query_89,1013.5,10
baseline,medium,cedardb,query_91,109.5,10
baseline,medium,cedardb,query_92,91.5,10
baseline,medium,cedardb,query_93,1547.5,10
baseline,medium,cedardb,query_94,423.5,10
baseline,medium,cedardb,query_95,142.0,10
baseline,medium,cedardb,query_97,467.0,10
baseline,medium,cedardb,query_98,463.0,10
baseline,medium,cedardb,query_99,125.5,10
baseline,medium,cedardb,query_union_U2,9707.0,10
baseline,medium,cedardb,query_union_U5,24272.0,10
baseline,medium,cedardb,query_union_U10,66796.0,10
baseline,medium,cedardb,query_union_U20,157430.0,10
baseline,medium,duckdb,query_1,518.5,10
baseline,medium,duckdb,query_2,1006.0,10
baseline,medium,duckdb,query_3,6442.0,10
baseline,medium,duckdb,query_4,667.0,10
baseline,medium,duckdb,query_5,567.0,10
baseline,medium,duckdb,query_6,1735.0,10
baseline,medium,duckdb,query_7,345.0,10
baseline,medium,duckdb,query_8,963.0,10
baseline,medium,duckdb,query_9,1006.0,10
baseline,medium,duckdb,query_10,3934.0,10
baseline,medium,duckdb,query_11,527.0,10
baseline,medium,duckdb,query_12,882.0,10
baseline,medium,duckdb,query_13,327.5,10
baseline,medium,duckdb,query_14,426.5,10
baseline,medium,duckdb,query_15,691.0,10
baseline,medium,duckdb,query_17,592.0,10
baseline,medium,duckdb,query_18,561.5,10
baseline,medium,duckdb,query_20,2559.5,10
baseline,medium,duckdb,query_21,1152.5,10
baseline,medium,duckdb,query_22,1013.5,10
baseline,medium,duckdb,query_23,1450.0,10
baseline,medium,duckdb,query_24,622.0,10
baseline,medium,duckdb,query_25,475.0,10
baseline,medium,duckdb,query_26,950.0,10
baseline,medium,duckdb,query_27,840.5,10
baseline,medium,duckdb,query_28,856.0,10
baseline,medium,duckdb,query_30,1401.5,10
baseline,medium,duckdb,query_31,648.5,10
baseline,medium,duckdb,query_32,810.5,10
baseline,medium,duckdb,query_33,723.5,10
baseline,medium,duckdb,query_35,9933.5,10
baseline,medium,duckdb,query_36,1322.5,10
baseline,medium,duckdb,query_37,566.0,10
baseline,medium,duckdb,query_39,2063.0,10
baseline,medium,duckdb,query_40,394.0,10
baseline,medium,duckdb,query_41,1187.0,10
baseline,medium,duckdb,query_42,2091.0,10
baseline,medium,duckdb,query_43,2375.0,10
baseline,medium,duckdb,query_44,482.5,10
baseline,medium,duckdb,query_45,1030.5,10
baseline,medium,duckdb,query_46,5498.5,10
baseline,medium,duckdb,query_47,1617.5,10
baseline,medium,duckdb,query_48,1656.5,10
baseline,medium,duckdb,query_49,869.0,10
baseline,medium,duckdb,query_50,881.5,10
baseline,medium,duckdb,query_51,1979.5,10
baseline,medium,duckdb,query_52,2265.5,10
baseline,medium,duckdb,query_53,1230.0,10
baseline,medium,duckdb,query_54,1175.5,10
baseline,medium,duckdb,query_55,3275.0,10
baseline,medium,duckdb,query_56,892.0,10
baseline,medium,duckdb,query_57,490.0,10
baseline,medium,duckdb,query_58,687.5,10
baseline,medium,duckdb,query_59,924.0,10
baseline,medium,duckdb,query_60,1231.0,10
baseline,medium,duckdb,query_61,825.5,10
baseline,medium,duckdb,query_62,277.0,10
baseline,medium,duckdb,query_63,1043.5,10
baseline,medium,duckdb,query_64,408.0,10
baseline,medium,duckdb,query_65,335.0,10
baseline,medium,duckdb,query_66,1232.5,10
baseline,medium,duckdb,query_67,684.0,10
baseline,medium,duckdb,query_68,2098.0,10
baseline,medium,duckdb,query_69,4867.0,10
baseline,medium,duckdb,query_70,1396.5,10
baseline,medium,duckdb,query_71,2413.0,10
baseline,medium,duckdb,query_73,796.5,10
baseline,medium,duckdb,query_74,1036.0,10
baseline,medium,duckdb,query_75,454.5,10
baseline,medium,duckdb,query_76,1558.5,10
baseline,medium,duckdb,query_77,1222.5,10
baseline,medium,duckdb,query_79,748.0,10
baseline,medium,duckdb,query_80,308.0,10
baseline,medium,duckdb,query_81,988.0,10
baseline,medium,duckdb,query_82,666.0,10
baseline,medium,duckdb,query_83,1049.5,10
baseline,medium,duckdb,query_84,892.5,10
baseline,medium,duckdb,query_85,537.0,10
baseline,medium,duckdb,query_86,590.0,10
baseline,medium,duckdb,query_87,1517.5,10
baseline,medium,duckdb,query_88,949.0,10
baseline,medium,duckdb,query_89,1077.0,10
baseline,medium,duckdb,query_91,1183.0,10
baseline,medium,duckdb,query_92,1074.0,10
baseline,medium,duckdb,query_93,3943.5,10
baseline,medium,duckdb,query_94,815.5,10
baseline,medium,duckdb,query_95,1074.0,10
baseline,medium,duckdb,query_97,1351.0,10
baseline,medium,duckdb,query_98,1460.5,10
baseline,medium,duckdb,query_99,1304.5,10
baseline,medium,duckdb,query_union_U2,974.5,10
baseline,medium,duckdb,query_union_U5,1842.0,10
baseline,medium,duckdb,query_union_U10,4772.5,10
baseline,medium,duckdb,query_union_U20,10619.0,10
baseline,medium,monetdb,query_1,88.0,10
baseline,medium,monetdb,query_2,996.0,10
baseline,medium,monetdb,query_3,80343.5,10
baseline,medium,monetdb,query_4,291.0,10
baseline,medium,monetdb,query_5,20583.5,10
baseline,medium,monetdb,query_6,85837.5,10
baseline,medium,monetdb,query_7,337.5,10
baseline,medium,monetdb,query_8,544.0,10
baseline,medium,monetdb,query_9,7434.0,10
baseline,medium,monetdb,query_10,127861.0,10
baseline,medium,monetdb,query_11,14.0,10
baseline,medium,monetdb,query_12,2211.5,10
baseline,medium,monetdb,query_13,101.0,10
baseline,medium,monetdb,query_14,1151.0,10
baseline,medium,monetdb,query_15,214.0,10
baseline,medium,monetdb,query_17,315.0,10
baseline,medium,monetdb,query_18,156.0,10
baseline,medium,monetdb,query_20,8927.0,10
baseline,medium,monetdb,query_21,16.0,10
baseline,medium,monetdb,query_22,427.0,10
baseline,medium,monetdb,query_23,2572.5,10
baseline,medium,monetdb,query_24,1132.5,10
baseline,medium,monetdb,query_25,780.0,10
baseline,medium,monetdb,query_26,8967.0,10
baseline,medium,monetdb,query_27,364.5,10
baseline,medium,monetdb,query_28,363.5,10
baseline,medium,monetdb,query_30,4153.0,10
baseline,medium,monetdb,query_31,198.0,10
baseline,medium,monetdb,query_32,511.0,10
baseline,medium,monetdb,query_33,331.5,10
baseline,medium,monetdb,query_35,127799.5,10
baseline,medium,monetdb,query_36,540.0,10
baseline,medium,monetdb,query_37,1587.5,10
baseline,medium,monetdb,query_39,1495.5,10
baseline,medium,monetdb,query_40,173.0,10
baseline,medium,monetdb,query_41,18903.0,10
baseline,medium,monetdb,query_42,2710.0,10
baseline,medium,monetdb,query_43,260576.5,10
baseline,medium,monetdb,query_44,123.0,10
baseline,medium,monetdb,query_45,1977.0,10
baseline,medium,monetdb,query_46,59101.5,10
baseline,medium,monetdb,query_47,10553.5,10
baseline,medium,monetdb,query_48,41368.0,10
baseline,medium,monetdb,query_49,733.0,10
baseline,medium,monetdb,query_50,9472.0,10
baseline,medium,monetdb,query_51,23451.5,10
baseline,medium,monetdb,query_52,13421.0,10
baseline,medium,monetdb,query_53,10220.0,10
baseline,medium,monetdb,query_54,18599.5,10
baseline,medium,monetdb,query_55,27668.5,10
baseline,medium,monetdb,query_56,388.5,10
baseline,medium,monetdb,query_57,192.0,10
baseline,medium,monetdb,query_58,1712.0,10
baseline,medium,monetdb,query_59,539.5,10
baseline,medium,monetdb,query_60,7780.0,10
baseline,medium,monetdb,query_61,1425.5,10
baseline,medium,monetdb,query_62,50.0,10
baseline,medium,monetdb,query_63,882.0,10
baseline,medium,monetdb,query_64,262.5,10
baseline,medium,monetdb,query_65,477.0,10
baseline,medium,monetdb,query_66,424.5,10
baseline,medium,monetdb,query_67,420.5,10
baseline,medium,monetdb,query_68,55210.0,10
baseline,medium,monetdb,query_69,101257.0,10
baseline,medium,monetdb,query_70,1271.5,10
baseline,medium,monetdb,query_71,19728.5,10
baseline,medium,monetdb,query_73,387.5,10
baseline,medium,monetdb,query_74,545.0,10
baseline,medium,monetdb,query_75,394.0,10
baseline,medium,monetdb,query_76,17989.0,10
baseline,medium,monetdb,query_77,20501.0,10
baseline,medium,monetdb,query_79,285.0,10
baseline,medium,monetdb,query_80,166.5,10
baseline,medium,monetdb,query_81,758.5,10
baseline,medium,monetdb,query_82,226.5,10
baseline,medium,monetdb,query_83,152.0,10
baseline,medium,monetdb,query_84,15626.5,10
baseline,medium,monetdb,query_85,342.5,10
baseline,medium,monetdb,query_86,11175.5,10
baseline,medium,monetdb,query_87,23541.5,10
baseline,medium,monetdb,query_88,457.0,10
baseline,medium,monetdb,query_89,1208.0,10
baseline,medium,monetdb,query_91,518.5,10
baseline,medium,monetdb,query_92,339.5,10
baseline,medium,monetdb,query_93,36595.5,10
baseline,medium,monetdb,query_94,4266.0,10
baseline,medium,monetdb,query_95,236.5,10
baseline,medium,monetdb,query_97,437.5,10
baseline,medium,monetdb,query_98,17284.5,10
baseline,medium,monetdb,query_99,682.0,10
baseline,medium,monetdb,query_union_U2,10174.5,10
baseline,medium,monetdb,query_union_U5,26712.5,10
baseline,medium,monetdb,query_union_U10,70936.5,10
baseline,medium,monetdb,query_union_U20,150719.0,10
combined,medium,cedardb,query_1,80.0,10
combined,medium,cedardb,query_2,1031.0,10
combined,medium,cedardb,query_3,1421.0,10
combined,medium,cedardb,query_4,105.0,10
combined,medium,cedardb,query_5,228.5,10
combined,medium,cedardb,query_6,483.5,10
combined,medium,cedardb,query_7,215.0,10
combined,medium,cedardb,query_8,576.5,10
combined,medium,cedardb,query_9,544.0,10
combined,medium,cedardb,query_10,2176.5,10
combined,medium,cedardb,query_11,160.0,10
combined,medium,cedardb,query_12,136.5,10
combined,medium,cedardb,query_13,85.0,10
combined,medium,cedardb,query_14,126.5,10
combined,medium,cedardb,query_15,104.5,10
combined,medium,cedardb,query_17,81.0,10
combined,medium,cedardb,query_18,139.0,10
combined,medium,cedardb,query_20,900.0,10
combined,medium,cedardb,query_21,467.0,10
combined,medium,cedardb,query_22,383.5,10
combined,medium,cedardb,query_23,210.0,10
combined,medium,cedardb,query_24,149.5,10
combined,medium,cedardb,query_25,82.0,10
combined,medium,cedardb,query_26,205.0,10
combined,medium,cedardb,query_27,240.0,10
combined,medium,cedardb,query_28,177.5,10
combined,medium,cedardb,query_30,292.5,10
combined,medium,cedardb,query_31,164.5,10
combined,medium,cedardb,query_32,470.0,10
combined,medium,cedardb,query_33,137.5,10
combined,medium,cedardb,query_35,1509.0,10
combined,medium,cedardb,query_36,353.0,10
combined,medium,cedardb,query_37,198.5,10
combined,medium,cedardb,query_39,92.5,10
combined,medium,cedardb,query_40,60.5,10
combined,medium,cedardb,query_41,274.5,10
combined,medium,cedardb,query_42,1349.0,10
combined,medium,cedardb,query_43,55.0,10
combined,medium,cedardb,query_44,150.5,10
combined,medium,cedardb,query_45,471.5,10
combined,medium,cedardb,query_46,71578.5,10
combined,medium,cedardb,query_47,2737.5,10
combined,medium,cedardb,query_48,1076.5,10
combined,medium,cedardb,query_49,256.5,10
combined,medium,cedardb,query_50,253.0,10
combined,medium,cedardb,query_51,624.0,10
combined,medium,cedardb,query_52,391.5,10
combined,medium,cedardb,query_53,279.0,10
combined,medium,cedardb,query_54,2465.0,10
combined,medium,cedardb,query_55,647.0,10
combined,medium,cedardb,query_56,318.0,10
combined,medium,cedardb,query_57,99.5,10
combined,medium,cedardb,query_58,245.0,10
combined,medium,cedardb,query_59,364.0,10
combined,medium,cedardb,query_60,157.0,10
combined,medium,cedardb,query_61,266.0,10
combined,medium,cedardb,query_62,70.0,10
combined,medium,cedardb,query_63,146.5,10
combined,medium,cedardb,query_64,94.5,10
combined,medium,cedardb,query_65,120.5,10
combined,medium,cedardb,query_66,179.0,10
combined,medium,cedardb,query_67,214.0,10
combined,medium,cedardb,query_68,658.5,10
combined,medium,cedardb,query_69,4567.0,10
combined,medium,cedardb,query_70,367.0,10
combined,medium,cedardb,query_71,1269.0,10
combined,medium,cedardb,query_73,201.0,10
combined,medium,cedardb,query_74,121.5,10
combined,medium,cedardb,query_75,111.0,10
combined,medium,cedardb,query_76,799.5,10
combined,medium,cedardb,query_77,2512.5,10
combined,medium,cedardb,query_79,94.0,10
combined,medium,cedardb,query_80,138.5,10
combined,medium,cedardb,query_81,274.5,10
combined,medium,cedardb,query_82,204.5,10
combined,medium,cedardb,query_83,390.5,10
combined,medium,cedardb,query_84,226.5,10
combined,medium,cedardb,query_85,363.5,10
combined,medium,cedardb,query_86,185.0,10
combined,medium,cedardb,query_87,190.0,10
combined,medium,cedardb,query_88,289.0,10
combined,medium,cedardb,query_89,347.5,10
combined,medium,cedardb,query_91,103.5,10
combined,medium,cedardb,query_92,92.0,10
combined,medium,cedardb,query_93,1089.5,10
combined,medium,cedardb,query_94,382.0,10
combined,medium,cedardb,query_95,129.5,10
combined,medium,cedardb,query_97,448.0,10
combined,medium,cedardb,query_98,466.0,10
combined,medium,cedardb,query_99,132.5,10
combined,medium,cedardb,query_union_U2,9837.5,10
combined,medium,cedardb,query_union_U5,24582.5,10
combined,medium,cedardb,query_union_U10,67839.0,10
combined,medium,cedardb,query_union_U20,159842.0,10
combined,medium,duckdb,query_1,567.0,10
combined,medium,duckdb,query_2,1063.5,10
combined,medium,duckdb,query_3,6091.0,10
combined,medium,duckdb,query_4,705.5,10
combined,medium,duckdb,query_5,565.0,10
combined,medium,duckdb,query_6,1774.0,10
combined,medium,duckdb,query_7,349.0,10
combined,medium,duckdb,query_8,1128.5,10
combined,medium,duckdb,query_9,1142.0,10
combined,medium,duckdb,query_10,3944.0,10
combined,medium,duckdb,query_11,565.5,10
combined,medium,duckdb,query_12,762.0,10
combined,medium,duckdb,query_13,327.0,10
combined,medium,duckdb,query_14,404.5,10
combined,medium,duckdb,query_15,733.5,10
combined,medium,duckdb,query_17,560.5,10
combined,medium,duckdb,query_18,629.0,10
combined,medium,duckdb,query_20,2763.0,10
combined,medium,duckdb,query_21,1249.5,10
combined,medium,duckdb,query_22,993.0,10
combined,medium,duckdb,query_23,1519.5,10
combined,medium,duckdb,query_24,532.0,10
combined,medium,duckdb,query_25,432.5,10
combined,medium,duckdb,query_26,1008.0,10
combined,medium,duckdb,query_27,907.5,10
combined,medium,duckdb,query_28,943.0,10
combined,medium,duckdb,query_30,1531.0,10
combined,medium,duckdb,query_31,571.5,10
combined,medium,duckdb,query_32,784.5,10
combined,medium,duckdb,query_33,637.5,10
combined,medium,duckdb,query_35,3797.0,10
combined,medium,duckdb,query_36,1162.0,10
combined,medium,duckdb,query_37,700.5,10
combined,medium,duckdb,query_39,1922.0,10
combined,medium,duckdb,query_40,355.0,10
combined,medium,duckdb,query_41,1346.0,10
combined,medium,duckdb,query_42,2253.5,10
combined,medium,duckdb,query_43,2290.0,10
combined,medium,duckdb,query_44,493.5,10
combined,medium,duckdb,query_45,952.5,10
combined,medium,duckdb,query_46,5618.0,10
combined,medium,duckdb,query_47,1650.0,10
combined,medium,duckdb,query_48,1776.0,10
combined,medium,duckdb,query_49,943.5,10
combined,medium,duckdb,query_50,934.0,10
combined,medium,duckdb,query_51,2096.0,10
combined,medium,duckdb,query_52,2115.0,10
combined,medium,duckdb,query_53,1339.5,10
combined,medium,duckdb,query_54,1129.0,10
combined,medium,duckdb,query_55,1106.5,10
combined,medium,duckdb,query_56,956.5,10
combined,medium,duckdb,query_57,459.0,10
combined,medium,duckdb,query_58,722.5,10
combined,medium,duckdb,query_59,891.5,10
combined,medium,duckdb,query_60,1258.5,10
combined,medium,duckdb,query_61,842.0,10
combined,medium,duckdb,query_62,267.5,10
combined,medium,duckdb,query_63,1086.0,10
combined,medium,duckdb,query_64,418.0,10
combined,medium,duckdb,query_65,314.5,10
combined,medium,duckdb,query_66,1221.0,10
combined,medium,duckdb,query_67,699.0,10
combined,medium,duckdb,query_68,2075.0,10
combined,medium,duckdb,query_69,4888.5,10
combined,medium,duckdb,query_70,1029.5,10
combined,medium,duckdb,query_71,1956.5,10
combined,medium,duckdb,query_73,870.0,10
combined,medium,duckdb,query_74,1073.5,10
combined,medium,duckdb,query_75,506.5,10
combined,medium,duckdb,query_76,1729.5,10
combined,medium,duckdb,query_77,1127.0,10
combined,medium,duckdb,query_79,893.0,10
combined,medium,duckdb,query_80,317.0,10
combined,medium,duckdb,query_81,1065.0,10
combined,medium,duckdb,query_82,724.5,10
combined,medium,duckdb,query_83,1046.5,10
combined,medium,duckdb,query_84,885.5,10
combined,medium,duckdb,query_85,499.5,10
combined,medium,duckdb,query_86,550.0,10
combined,medium,duckdb,query_87,1233.5,10
combined,medium,duckdb,query_88,977.0,10
combined,medium,duckdb,query_89,1014.5,10
combined,medium,duckdb,query_91,1194.0,10
combined,medium,duckdb,query_92,1223.5,10
combined,medium,duckdb,query_93,3678.0,10
combined,medium,duckdb,query_94,843.5,10
combined,medium,duckdb,query_95,1066.5,10
combined,medium,duckdb,query_97,1477.5,10
combined,medium,duckdb,query_98,1288.5,10
combined,medium,duckdb,query_99,1294.5,10
combined,medium,duckdb,query_union_U2,1037.0,10
combined,medium,duckdb,query_union_U5,1901.5,10
combined,medium,duckdb,query_union_U10,4920.0,10
combined,medium,duckdb,query_union_U20,10681.5,10
combined,medium,monetdb,query_1,91.5,10
combined,medium,monetdb,query_2,758.0,10
combined,medium,monetdb,query_3,66007.0,10
combined,medium,monetdb,query_4,281.5,10
combined,medium,monetdb,query_5,20682.0,10
combined,medium,monetdb,query_6,73519.5,10
combined,medium,monetdb,query_7,339.0,10
combined,medium,monetdb,query_8,509.5,10
combined,medium,monetdb,query_9,7077.5,10
combined,medium,monetdb,query_10,121896.0,10
combined,medium,monetdb,query_11,15.0,10
combined,medium,monetdb,query_12,2046.0,10
combined,medium,monetdb,query_13,95.5,10
combined,medium,monetdb,query_14,1007.0,10
combined,medium,monetdb,query_15,203.0,10
combined,medium,monetdb,query_17,281.5,10
combined,medium,monetdb,query_18,143.5,10
combined,medium,monetdb,query_20,9206.5,10
combined,medium,monetdb,query_21,15.5,10
combined,medium,monetdb,query_22,483.0,10
combined,medium,monetdb,query_23,2151.5,10
combined,medium,monetdb,query_24,711.0,10
combined,medium,monetdb,query_25,983.5,10
combined,medium,monetdb,query_26,8249.0,10
combined,medium,monetdb,query_27,377.5,10
combined,medium,monetdb,query_28,326.5,10
combined,medium,monetdb,query_30,4063.5,10
combined,medium,monetdb,query_31,199.5,10
combined,medium,monetdb,query_32,314.5,10
combined,medium,monetdb,query_33,332.0,10
combined,medium,monetdb,query_35,117003.0,10
combined,medium,monetdb,query_36,534.0,10
combined,medium,monetdb,query_37,1016.5,10
combined,medium,monetdb,query_39,1510.0,10
combined,medium,monetdb,query_40,72.5,10
combined,medium,monetdb,query_41,17980.0,10
combined,medium,monetdb,query_42,2613.0,10
combined,medium,monetdb,query_43,193883.0,10
combined,medium,monetdb,query_44,121.5,10
combined,medium,monetdb,query_45,1202.5,10
combined,medium,monetdb,query_46,138668.0,10
combined,medium,monetdb,query_47,10919.0,10
combined,medium,monetdb,query_48,21704.5,10
combined,medium,monetdb,query_49,751.5,10
combined,medium,monetdb,query_50,9511.0,10
combined,medium,monetdb,query_51,17712.0,10
combined,medium,monetdb,query_52,13733.0,10
combined,medium,monetdb,query_53,10428.5,10
combined,medium,monetdb,query_54,14513.5,10
combined,medium,monetdb,query_55,15848.5,10
combined,medium,monetdb,query_56,410.5,10
combined,medium,monetdb,query_57,197.5,10
combined,medium,monetdb,query_58,2012.0,10
combined,medium,monetdb,query_59,457.0,10
combined,medium,monetdb,query_60,4976.5,10
combined,medium,monetdb,query_61,1457.5,10
combined,medium,monetdb,query_62,28.0,10
combined,medium,monetdb,query_63,797.0,10
combined,medium,monetdb,query_64,88.5,10
combined,medium,monetdb,query_65,140.5,10
combined,medium,monetdb,query_66,431.5,10
combined,medium,monetdb,query_67,344.5,10
combined,medium,monetdb,query_68,43263.5,10
combined,medium,monetdb,query_69,111331.0,10
combined,medium,monetdb,query_70,763.5,10
combined,medium,monetdb,query_71,19794.0,10
combined,medium,monetdb,query_73,388.0,10
combined,medium,monetdb,query_74,663.0,10
combined,medium,monetdb,query_75,361.5,10
combined,medium,monetdb,query_76,16629.5,10
combined,medium,monetdb,query_77,15444.5,10
combined,medium,monetdb,query_79,265.0,10
combined,medium,monetdb,query_80,186.0,10
combined,medium,monetdb,query_81,897.5,10
combined,medium,monetdb,query_82,250.5,10
combined,medium,monetdb,query_83,144.5,10
combined,medium,monetdb,query_84,15708.0,10
combined,medium,monetdb,query_85,269.0,10
combined,medium,monetdb,query_86,11164.0,10
combined,medium,monetdb,query_87,15047.5,10
combined,medium,monetdb,query_88,420.5,10
combined,medium,monetdb,query_89,500.5,10
combined,medium,monetdb,query_91,590.0,10
combined,medium,monetdb,query_92,336.0,10
combined,medium,monetdb,query_93,31914.5,10
combined,medium,monetdb,query_94,4199.0,10
combined,medium,monetdb,query_95,202.0,10
combined,medium,monetdb,query_97,451.0,10
combined,medium,monetdb,query_98,17047.0,10
combined,medium,monetdb,query_99,540.0,10
combined,medium,monetdb,query_union_U2,10378.5,10
combined,medium,monetdb,query_union_U5,26868.5,10
combined,medium,monetdb,query_union_U10,72735.5,10
combined,medium,monetdb,query_union_U20,151348.0,10
full,medium,cedardb,query_1,62.5,10
full,medium,cedardb,query_2,876.0,10
full,medium,cedardb,query_3,1441.5,10
full,medium,cedardb,query_4,169.0,10
full,medium,cedardb,query_5,227.0,10
full,medium,cedardb,query_6,482.0,10
full,medium,cedardb,query_7,219.0,10
full,medium,cedardb,query_8,420.0,10
full,medium,cedardb,query_9,13429.0,10
full,medium,cedardb,query_10,1976.0,10
full,medium,cedardb,query_11,163.5,10
full,medium,cedardb,query_12,94.0,10
full,medium,cedardb,query_13,66.5,10
full,medium,cedardb,query_14,126.0,10
full,medium,cedardb,query_15,105.0,10
full,medium,cedardb,query_17,71.5,10
full,medium,cedardb,query_18,437.5,10
full,medium,cedardb,query_20,813.0,10
full,medium,cedardb,query_21,386.0,10
full,medium,cedardb,query_22,374.0,10
full,medium,cedardb,query_23,275.0,10
full,medium,cedardb,query_24,198.0,10
full,medium,cedardb,query_25,82.5,10
full,medium,cedardb,query_26,168.5,10
full,medium,cedardb,query_27,237.5,10
full,medium,cedardb,query_28,160.5,10
full,medium,cedardb,query_30,280.5,10
full,medium,cedardb,query_31,168.5,10
full,medium,cedardb,query_32,470.5,10
full,medium,cedardb,query_33,192.5,10
full,medium,cedardb,query_35,1401.5,10
full,medium,cedardb,query_36,361.5,10
full,medium,cedardb,query_37,495.5,10
full,medium,cedardb,query_39,92.0,10
full,medium,cedardb,query_40,59.5,10
full,medium,cedardb,query_41,12632.0,10
full,medium,cedardb,query_42,1343.0,10
full,medium,cedardb,query_43,54.0,10
full,medium,cedardb,query_44,157.0,10
full,medium,cedardb,query_45,470.0,10
full,medium,cedardb,query_46,71479.5,10
full,medium,cedardb,query_47,828.5,10
full,medium,cedardb,query_48,1096.0,10
full,medium,cedardb,query_49,272.0,10
full,medium,cedardb,query_50,361.0,10
full,medium,cedardb,query_51,10585.0,10
full,medium,cedardb,query_52,105.5,10
full,medium,cedardb,query_53,9971.5,10
full,medium,cedardb,query_54,3516.5,10
full,medium,cedardb,query_55,649.5,10
full,medium,cedardb,query_56,314.0,10
full,medium,cedardb,query_57,92.5,10
full,medium,cedardb,query_58,211.5,10
full,medium,cedardb,query_59,367.5,10
full,medium,cedardb,query_60,121.5,10
full,medium,cedardb,query_61,270.0,10
full,medium,cedardb,query_62,78.5,10
full,medium,cedardb,query_63,154.5,10
full,medium,cedardb,query_64,95.0,10
full,medium,cedardb,query_65,119.0,10
full,medium,cedardb,query_66,186.0,10
full,medium,cedardb,query_67,216.5,10
full,medium,cedardb,query_68,636.5,10
full,medium,cedardb,query_69,4571.5,10
full,medium,cedardb,query_70,366.5,10
full,medium,cedardb,query_71,1214.0,10
full,medium,cedardb,query_73,78.0,10
full,medium,cedardb,query_74,120.0,10
full,medium,cedardb,query_75,245.0,10
full,medium,cedardb,query_76,1429.5,10
full,medium,cedardb,query_77,4883.5,10
full,medium,cedardb,query_79,75.0,10
full,medium,cedardb,query_80,83.0,10
full,medium,cedardb,query_81,256.0,10
full,medium,cedardb,query_82,195.0,10
full,medium,cedardb,query_83,384.0,10
full,medium,cedardb,query_84,224.0,10
full,medium,cedardb,query_85,253.0,10
full,medium,cedardb,query_86,184.0,10
full,medium,cedardb,query_87,403.0,10
full,medium,cedardb,query_88,280.5,10
full,medium,cedardb,query_89,381.0,10
full,medium,cedardb,query_91,129.0,10
full,medium,cedardb,query_92,194.0,10
full,medium,cedardb,query_93,7644.0,10
full,medium,cedardb,query_94,379.0,10
full,medium,cedardb,query_95,144.0,10
full,medium,cedardb,query_97,347.5,10
full,medium,cedardb,query_98,512.5,10
full,medium,cedardb,query_99,133.0,10
full,medium,cedardb,query_union_U2,9450.0,10
full,medium,cedardb,query_union_U5,24105.0,10
full,medium,cedardb,query_union_U10,65795.5,10
full,medium,cedardb,query_union_U20,155674.0,10
full,medium,duckdb,query_1,510.5,10
full,medium,duckdb,query_2,1000.0,10
full,medium,duckdb,query_3,5827.5,10
full,medium,duckdb,query_4,649.5,10
full,medium,duckdb,query_5,541.0,10
full,medium,duckdb,query_6,1726.5,10
full,medium,duckdb,query_7,339.0,10
full,medium,duckdb,query_8,1043.0,10
full,medium,duckdb,query_9,1948.0,10
full,medium,duckdb,query_10,2878.5,10
full,medium,duckdb,query_11,537.5,10
full,medium,duckdb,query_12,601.0,10
full,medium,duckdb,query_13,334.0,10
full,medium,duckdb,query_14,410.5,10
full,medium,duckdb,query_15,607.0,10
full,medium,duckdb,query_17,557.0,10
full,medium,duckdb,query_18,745.5,10
full,medium,duckdb,query_20,2567.0,10
full,medium,duckdb,query_21,1153.5,10
full,medium,duckdb,query_22,972.0,10
full,medium,duckdb,query_23,1561.0,10
full,medium,duckdb,query_24,636.5,10
full,medium,duckdb,query_25,474.0,10
full,medium,duckdb,query_26,839.5,10
full,medium,duckdb,query_27,902.0,10
full,medium,duckdb,query_28,774.5,10
full,medium,duckdb,query_30,1185.5,10
full,medium,duckdb,query_31,549.0,10
full,medium,duckdb,query_32,811.0,10
full,medium,duckdb,query_33,690.5,10
full,medium,duckdb,query_35,3284.0,10
full,medium,duckdb,query_36,1143.0,10
full,medium,duckdb,query_37,905.0,10
full,medium,duckdb,query_39,1687.5,10
full,medium,duckdb,query_40,345.5,10
full,medium,duckdb,query_41,2400.0,10
full,medium,duckdb,query_42,2232.0,10
full,medium,duckdb,query_43,2224.5,10
full,medium,duckdb,query_44,482.5,10
full,medium,duckdb,query_45,945.5,10
full,medium,duckdb,query_46,5626.0,10
full,medium,duckdb,query_47,1300.0,10
full,medium,duckdb,query_48,1708.0,10
full,medium,duckdb,query_49,907.0,10
full,medium,duckdb,query_50,929.5,10
full,medium,duckdb,query_51,1620.5,10
full,medium,duckdb,query_52,2081.5,10
full,medium,duckdb,query_53,2199.5,10
full,medium,duckdb,query_54,903.0,10
full,medium,duckdb,query_55,1094.0,10
full,medium,duckdb,query_56,931.0,10
full,medium,duckdb,query_57,478.0,10
full,medium,duckdb,query_58,670.0,10
full,medium,duckdb,query_59,887.0,10
full,medium,duckdb,query_60,1218.5,10
full,medium,duckdb,query_61,832.0,10
full,medium,duckdb,query_62,263.0,10
full,medium,duckdb,query_63,966.5,10
full,medium,duckdb,query_64,395.5,10
full,medium,duckdb,query_65,306.5,10
full,medium,duckdb,query_66,1168.5,10
full,medium,duckdb,query_67,686.0,10
full,medium,duckdb,query_68,1963.0,10
full,medium,duckdb,query_69,4901.0,10
full,medium,duckdb,query_70,1078.5,10
full,medium,duckdb,query_71,1783.0,10
full,medium,duckdb,query_73,801.0,10
full,medium,duckdb,query_74,1209.0,10
full,medium,duckdb,query_75,593.0,10
full,medium,duckdb,query_76,1208.5,10
full,medium,duckdb,query_77,918.0,10
full,medium,duckdb,query_79,753.0,10
full,medium,duckdb,query_80,304.5,10
full,medium,duckdb,query_81,950.5,10
full,medium,duckdb,query_82,700.5,10
full,medium,duckdb,query_83,989.0,10
full,medium,duckdb,query_84,877.5,10
full,medium,duckdb,query_85,505.0,10
full,medium,duckdb,query_86,543.5,10
full,medium,duckdb,query_87,2416.5,10
full,medium,duckdb,query_88,908.5,10
full,medium,duckdb,query_89,958.0,10
full,medium,duckdb,query_91,1160.5,10
full,medium,duckdb,query_92,1102.0,10
full,medium,duckdb,query_93,2474.5,10
full,medium,duckdb,query_94,783.0,10
full,medium,duckdb,query_95,1034.0,10
full,medium,duckdb,query_97,1441.5,10
full,medium,duckdb,query_98,1116.0,10
full,medium,duckdb,query_99,1283.0,10
full,medium,duckdb,query_union_U2,995.0,10
full,medium,duckdb,query_union_U5,1796.0,10
full,medium,duckdb,query_union_U10,4657.5,10
full,medium,duckdb,query_union_U20,10345.5,10
full,medium,monetdb,query_1,88.0,10
full,medium,monetdb,query_2,565.0,10
full,medium,monetdb,query_3,66002.5,10
full,medium,monetdb,query_4,159.5,10
full,medium,monetdb,query_5,20882.5,10
full,medium,monetdb,query_6,65951.0,10
full,medium,monetdb,query_7,344.5,10
full,medium,monetdb,query_8,413.5,10
full,medium,monetdb,query_9,11260.0,10
full,medium,monetdb,query_10,105806.0,10
full,medium,monetdb,query_11,17.0,10
full,medium,monetdb,query_12,656.5,10
full,medium,monetdb,query_13,81.5,10
full,medium,monetdb,query_14,1045.5,10
full,medium,monetdb,query_15,198.0,10
full,medium,monetdb,query_17,297.0,10
full,medium,monetdb,query_18,160.5,10
full,medium,monetdb,query_20,9853.0,10
full,medium,monetdb,query_21,16.0,10
full,medium,monetdb,query_22,432.0,10
full,medium,monetdb,query_23,3811.5,10
full,medium,monetdb,query_24,1034.5,10
full,medium,monetdb,query_25,1071.0,10
full,medium,monetdb,query_26,5416.5,10
full,medium,monetdb,query_27,359.5,10
full,medium,monetdb,query_28,322.0,10
full,medium,monetdb,query_30,3866.5,10
full,medium,monetdb,query_31,203.5,10
full,medium,monetdb,query_32,304.5,10
full,medium,monetdb,query_33,329.5,10
full,medium,monetdb,query_35,123509.5,10
full,medium,monetdb,query_36,535.0,10
full,medium,monetdb,query_37,458.0,10
full,medium,monetdb,query_39,1205.0,10
full,medium,monetdb,query_40,71.5,10
full,medium,monetdb,query_41,38407.5,10
full,medium,monetdb,query_42,2663.5,10
full,medium,monetdb,query_43,35010.5,10
full,medium,monetdb,query_44,118.0,10
full,medium,monetdb,query_45,1162.0,10
full,medium,monetdb,query_46,139597.5,10
full,medium,monetdb,query_47,5544.0,10
full,medium,monetdb,query_48,21807.5,10
full,medium,monetdb,query_49,769.5,10
full,medium,monetdb,query_50,8874.0,10
full,medium,monetdb,query_51,14609.0,10
full,medium,monetdb,query_52,11439.5,10
full,medium,monetdb,query_53,37074.5,10
full,medium,monetdb,query_54,10316.0,10
full,medium,monetdb,query_55,16196.0,10
full,medium,monetdb,query_56,389.5,10
full,medium,monetdb,query_57,181.0,10
full,medium,monetdb,query_58,2400.5,10
full,medium,monetdb,query_59,456.5,10
full,medium,monetdb,query_60,2862.0,10
full,medium,monetdb,query_61,1615.5,10
full,medium,monetdb,query_62,29.0,10
full,medium,monetdb,query_63,736.5,10
full,medium,monetdb,query_64,86.0,10
full,medium,monetdb,query_65,144.0,10
full,medium,monetdb,query_66,386.0,10
full,medium,monetdb,query_67,338.0,10
full,medium,monetdb,query_68,42972.5,10
full,medium,monetdb,query_69,125857.0,10
full,medium,monetdb,query_70,742.0,10
full,medium,monetdb,query_71,13959.0,10
full,medium,monetdb,query_73,160.5,10
full,medium,monetdb,query_74,860.0,10
full,medium,monetdb,query_75,169.5,10
full,medium,monetdb,query_76,12075.0,10
full,medium,monetdb,query_77,9727.0,10
full,medium,monetdb,query_79,264.0,10
full,medium,monetdb,query_80,77.5,10
full,medium,monetdb,query_81,923.0,10
full,medium,monetdb,query_82,256.0,10
full,medium,monetdb,query_83,141.5,10
full,medium,monetdb,query_84,15696.0,10
full,medium,monetdb,query_85,162.5,10
full,medium,monetdb,query_86,11024.5,10
full,medium,monetdb,query_87,26809.5,10
full,medium,monetdb,query_88,398.0,10
full,medium,monetdb,query_89,613.5,10
full,medium,monetdb,query_91,835.5,10
full,medium,monetdb,query_92,334.0,10
full,medium,monetdb,query_93,29876.0,10
full,medium,monetdb,query_94,4208.0,10
full,medium,monetdb,query_95,187.0,10
full,medium,monetdb,query_97,267.5,10
full,medium,monetdb,query_98,18590.5,10
full,medium,monetdb,query_99,507.0,10
full,medium,monetdb,query_union_U2,10587.0,10
full,medium,monetdb,query_union_U5,27009.0,10
full,medium,monetdb,query_union_U10,75494.0,10
full,medium,monetdb,query_union_U20,161724.0,10
keyskew_only,medium,cedardb,query_1,67.0,10
keyskew_only,medium,cedardb,query_2,1271.5,10
keyskew_only,medium,cedardb,query_3,1975.0,10
keyskew_only,medium,cedardb,query_4,142.5,10
keyskew_only,medium,cedardb,query_5,231.0,10
keyskew_only,medium,cedardb,query_6,508.0,10
keyskew_only,medium,cedardb,query_7,206.5,10
keyskew_only,medium,cedardb,query_8,475.0,10
keyskew_only,medium,cedardb,query_9,14256.5,10
keyskew_only,medium,cedardb,query_10,1982.0,10
keyskew_only,medium,cedardb,query_11,165.0,10
keyskew_only,medium,cedardb,query_12,100.0,10
keyskew_only,medium,cedardb,query_13,63.0,10
keyskew_only,medium,cedardb,query_14,183.5,10
keyskew_only,medium,cedardb,query_15,103.5,10
keyskew_only,medium,cedardb,query_17,71.5,10
keyskew_only,medium,cedardb,query_18,432.0,10
keyskew_only,medium,cedardb,query_20,827.5,10
keyskew_only,medium,cedardb,query_21,371.0,10
keyskew_only,medium,cedardb,query_22,360.0,10
keyskew_only,medium,cedardb,query_23,222.5,10
keyskew_only,medium,cedardb,query_24,216.0,10
keyskew_only,medium,cedardb,query_25,82.5,10
keyskew_only,medium,cedardb,query_26,167.0,10
keyskew_only,medium,cedardb,query_27,235.5,10
keyskew_only,medium,cedardb,query_28,353.5,10
keyskew_only,medium,cedardb,query_30,468.0,10
keyskew_only,medium,cedardb,query_31,165.5,10
keyskew_only,medium,cedardb,query_32,587.5,10
keyskew_only,medium,cedardb,query_33,149.0,10
keyskew_only,medium,cedardb,query_35,2153.5,10
keyskew_only,medium,cedardb,query_36,375.5,10
keyskew_only,medium,cedardb,query_37,500.0,10
keyskew_only,medium,cedardb,query_39,88.5,10
keyskew_only,medium,cedardb,query_40,90.0,10
keyskew_only,medium,cedardb,query_41,13249.0,10
keyskew_only,medium,cedardb,query_42,1382.5,10
keyskew_only,medium,cedardb,query_43,100.0,10
keyskew_only,medium,cedardb,query_44,153.0,10
keyskew_only,medium,cedardb,query_45,485.0,10
keyskew_only,medium,cedardb,query_46,2235.5,10
keyskew_only,medium,cedardb,query_47,1029.5,10
keyskew_only,medium,cedardb,query_48,822.5,10
keyskew_only,medium,cedardb,query_49,268.5,10
keyskew_only,medium,cedardb,query_50,435.0,10
keyskew_only,medium,cedardb,query_51,2331.5,10
keyskew_only,medium,cedardb,query_52,114.0,10
keyskew_only,medium,cedardb,query_53,10431.5,10
keyskew_only,medium,cedardb,query_54,3293.5,10
keyskew_only,medium,cedardb,query_55,4568.5,10
keyskew_only,medium,cedardb,query_56,313.0,10
keyskew_only,medium,cedardb,query_57,97.5,10
keyskew_only,medium,cedardb,query_58,211.5,10
keyskew_only,medium,cedardb,query_59,383.5,10
keyskew_only,medium,cedardb,query_60,135.5,10
keyskew_only,medium,cedardb,query_61,276.0,10
keyskew_only,medium,cedardb,query_62,115.0,10
keyskew_only,medium,cedardb,query_63,154.0,10
keyskew_only,medium,cedardb,query_64,114.0,10
keyskew_only,medium,cedardb,query_65,144.0,10
keyskew_only,medium,cedardb,query_66,170.5,10
keyskew_only,medium,cedardb,query_67,210.5,10
keyskew_only,medium,cedardb,query_68,626.5,10
keyskew_only,medium,cedardb,query_69,4574.0,10
keyskew_only,medium,cedardb,query_70,1278.5,10
keyskew_only,medium,cedardb,query_71,1604.5,10
keyskew_only,medium,cedardb,query_73,76.0,10
keyskew_only,medium,cedardb,query_74,83.0,10
keyskew_only,medium,cedardb,query_75,255.5,10
keyskew_only,medium,cedardb,query_76,1423.5,10
keyskew_only,medium,cedardb,query_77,4506.5,10
keyskew_only,medium,cedardb,query_79,77.0,10
keyskew_only,medium,cedardb,query_80,87.0,10
keyskew_only,medium,cedardb,query_81,245.0,10
keyskew_only,medium,cedardb,query_82,199.0,10
keyskew_only,medium,cedardb,query_83,375.0,10
keyskew_only,medium,cedardb,query_84,226.0,10
keyskew_only,medium,cedardb,query_85,324.5,10
keyskew_only,medium,cedardb,query_86,219.5,10
keyskew_only,medium,cedardb,query_87,12921.5,10
keyskew_only,medium,cedardb,query_88,281.0,10
keyskew_only,medium,cedardb,query_89,1005.0,10
keyskew_only,medium,cedardb,query_91,146.5,10
keyskew_only,medium,cedardb,query_92,317.5,10
keyskew_only,medium,cedardb,query_93,8075.5,10
keyskew_only,medium,cedardb,query_94,397.5,10
keyskew_only,medium,cedardb,query_95,149.0,10
keyskew_only,medium,cedardb,query_97,340.0,10
keyskew_only,medium,cedardb,query_98,548.5,10
keyskew_only,medium,cedardb,query_99,133.0,10
keyskew_only,medium,cedardb,query_union_U2,9396.0,10
keyskew_only,medium,cedardb,query_union_U5,23851.0,10
keyskew_only,medium,cedardb,query_union_U10,66023.0,10
keyskew_only,medium,cedardb,query_union_U20,154653.5,10
keyskew_only,medium,duckdb,query_1,532.0,10
keyskew_only,medium,duckdb,query_2,890.0,10
keyskew_only,medium,duckdb,query_3,6395.5,10
keyskew_only,medium,duckdb,query_4,661.0,10
keyskew_only,medium,duckdb,query_5,561.5,10
keyskew_only,medium,duckdb,query_6,1775.0,10
keyskew_only,medium,duckdb,query_7,338.5,10
keyskew_only,medium,duckdb,query_8,977.0,10
keyskew_only,medium,duckdb,query_9,2752.5,10
keyskew_only,medium,duckdb,query_10,2803.0,10
keyskew_only,medium,duckdb,query_11,537.0,10
keyskew_only,medium,duckdb,query_12,720.0,10
keyskew_only,medium,duckdb,query_13,313.5,10
keyskew_only,medium,duckdb,query_14,409.5,10
keyskew_only,medium,duckdb,query_15,655.5,10
keyskew_only,medium,duckdb,query_17,553.5,10
keyskew_only,medium,duckdb,query_18,725.5,10
keyskew_only,medium,duckdb,query_20,2527.5,10
keyskew_only,medium,duckdb,query_21,1122.5,10
keyskew_only,medium,duckdb,query_22,962.5,10
keyskew_only,medium,duckdb,query_23,1502.0,10
keyskew_only,medium,duckdb,query_24,606.5,10
keyskew_only,medium,duckdb,query_25,453.5,10
keyskew_only,medium,duckdb,query_26,887.5,10
keyskew_only,medium,duckdb,query_27,818.0,10
keyskew_only,medium,duckdb,query_28,726.5,10
keyskew_only,medium,duckdb,query_30,1239.5,10
keyskew_only,medium,duckdb,query_31,590.0,10
keyskew_only,medium,duckdb,query_32,786.0,10
keyskew_only,medium,duckdb,query_33,692.5,10
keyskew_only,medium,duckdb,query_35,9272.5,10
keyskew_only,medium,duckdb,query_36,1258.5,10
keyskew_only,medium,duckdb,query_37,701.0,10
keyskew_only,medium,duckdb,query_39,1689.5,10
keyskew_only,medium,duckdb,query_40,365.5,10
keyskew_only,medium,duckdb,query_41,3198.5,10
keyskew_only,medium,duckdb,query_42,2155.5,10
keyskew_only,medium,duckdb,query_43,2254.0,10
keyskew_only,medium,duckdb,query_44,479.0,10
keyskew_only,medium,duckdb,query_45,985.0,10
keyskew_only,medium,duckdb,query_46,5525.0,10
keyskew_only,medium,duckdb,query_47,1271.5,10
keyskew_only,medium,duckdb,query_48,1723.5,10
keyskew_only,medium,duckdb,query_49,829.5,10
keyskew_only,medium,duckdb,query_50,837.5,10
keyskew_only,medium,duckdb,query_51,1454.0,10
keyskew_only,medium,duckdb,query_52,2130.0,10
keyskew_only,medium,duckdb,query_53,2581.0,10
keyskew_only,medium,duckdb,query_54,923.0,10
keyskew_only,medium,duckdb,query_55,3373.0,10
keyskew_only,medium,duckdb,query_56,881.5,10
keyskew_only,medium,duckdb,query_57,456.5,10
keyskew_only,medium,duckdb,query_58,649.0,10
keyskew_only,medium,duckdb,query_59,920.0,10
keyskew_only,medium,duckdb,query_60,1208.0,10
keyskew_only,medium,duckdb,query_61,823.5,10
keyskew_only,medium,duckdb,query_62,278.0,10
keyskew_only,medium,duckdb,query_63,1007.5,10
keyskew_only,medium,duckdb,query_64,386.5,10
keyskew_only,medium,duckdb,query_65,329.0,10
keyskew_only,medium,duckdb,query_66,1182.0,10
keyskew_only,medium,duckdb,query_67,682.5,10
keyskew_only,medium,duckdb,query_68,1995.5,10
keyskew_only,medium,duckdb,query_69,4863.5,10
keyskew_only,medium,duckdb,query_70,1341.0,10
keyskew_only,medium,duckdb,query_71,2311.5,10
keyskew_only,medium,duckdb,query_73,687.0,10
keyskew_only,medium,duckdb,query_74,1155.5,10
keyskew_only,medium,duckdb,query_75,518.5,10
keyskew_only,medium,duckdb,query_76,1127.5,10
keyskew_only,medium,duckdb,query_77,944.5,10
keyskew_only,medium,duckdb,query_79,680.0,10
keyskew_only,medium,duckdb,query_80,296.5,10
keyskew_only,medium,duckdb,query_81,905.0,10
keyskew_only,medium,duckdb,query_82,672.5,10
keyskew_only,medium,duckdb,query_83,961.0,10
keyskew_only,medium,duckdb,query_84,852.5,10
keyskew_only,medium,duckdb,query_85,465.5,10
keyskew_only,medium,duckdb,query_86,544.5,10
keyskew_only,medium,duckdb,query_87,3255.0,10
keyskew_only,medium,duckdb,query_88,925.0,10
keyskew_only,medium,duckdb,query_89,1069.0,10
keyskew_only,medium,duckdb,query_91,1199.5,10
keyskew_only,medium,duckdb,query_92,1053.5,10
keyskew_only,medium,duckdb,query_93,2381.0,10
keyskew_only,medium,duckdb,query_94,809.0,10
keyskew_only,medium,duckdb,query_95,1027.5,10
keyskew_only,medium,duckdb,query_97,1318.0,10
keyskew_only,medium,duckdb,query_98,1455.5,10
keyskew_only,medium,duckdb,query_99,1245.0,10
keyskew_only,medium,duckdb,query_union_U2,993.0,10
keyskew_only,medium,duckdb,query_union_U5,1822.5,10
keyskew_only,medium,duckdb,query_union_U10,4595.5,10
keyskew_only,medium,duckdb,query_union_U20,10083.0,10
keyskew_only,medium,monetdb,query_1,85.5,10
keyskew_only,medium,monetdb,query_2,788.5,10
keyskew_only,medium,monetdb,query_3,81680.0,10
keyskew_only,medium,monetdb,query_4,159.5,10
keyskew_only,medium,monetdb,query_5,20477.5,10
keyskew_only,medium,monetdb,query_6,77328.0,10
keyskew_only,medium,monetdb,query_7,359.0,10
keyskew_only,medium,monetdb,query_8,433.0,10
keyskew_only,medium,monetdb,query_9,13261.0,10
keyskew_only,medium,monetdb,query_10,99438.5,10
keyskew_only,medium,monetdb,query_11,14.0,10
keyskew_only,medium,monetdb,query_12,589.0,10
keyskew_only,medium,monetdb,query_13,78.0,10
keyskew_only,medium,monetdb,query_14,1129.5,10
keyskew_only,medium,monetdb,query_15,201.5,10
keyskew_only,medium,monetdb,query_17,314.0,10
keyskew_only,medium,monetdb,query_18,177.5,10
keyskew_only,medium,monetdb,query_20,10307.5,10
keyskew_only,medium,monetdb,query_21,16.0,10
keyskew_only,medium,monetdb,query_22,468.0,10
keyskew_only,medium,monetdb,query_23,3568.5,10
keyskew_only,medium,monetdb,query_24,1127.0,10
keyskew_only,medium,monetdb,query_25,1290.0,10
keyskew_only,medium,monetdb,query_26,5376.0,10
keyskew_only,medium,monetdb,query_27,365.0,10
keyskew_only,medium,monetdb,query_28,331.0,10
keyskew_only,medium,monetdb,query_30,3820.5,10
keyskew_only,medium,monetdb,query_31,201.5,10
keyskew_only,medium,monetdb,query_32,513.0,10
keyskew_only,medium,monetdb,query_33,341.0,10
keyskew_only,medium,monetdb,query_35,123933.5,10
keyskew_only,medium,monetdb,query_36,565.5,10
keyskew_only,medium,monetdb,query_37,470.5,10
keyskew_only,medium,monetdb,query_39,1297.5,10
keyskew_only,medium,monetdb,query_40,186.0,10
keyskew_only,medium,monetdb,query_41,41844.0,10
keyskew_only,medium,monetdb,query_42,2605.5,10
keyskew_only,medium,monetdb,query_43,35833.5,10
keyskew_only,medium,monetdb,query_44,120.0,10
keyskew_only,medium,monetdb,query_45,2064.5,10
keyskew_only,medium,monetdb,query_46,57359.5,10
keyskew_only,medium,monetdb,query_47,5502.0,10
keyskew_only,medium,monetdb,query_48,41007.0,10
keyskew_only,medium,monetdb,query_49,743.0,10
keyskew_only,medium,monetdb,query_50,8804.0,10
keyskew_only,medium,monetdb,query_51,15660.5,10
keyskew_only,medium,monetdb,query_52,11737.0,10
keyskew_only,medium,monetdb,query_53,47409.5,10
keyskew_only,medium,monetdb,query_54,10576.0,10
keyskew_only,medium,monetdb,query_55,26507.5,10
keyskew_only,medium,monetdb,query_56,404.0,10
keyskew_only,medium,monetdb,query_57,180.0,10
keyskew_only,medium,monetdb,query_58,2091.5,10
keyskew_only,medium,monetdb,query_59,587.5,10
keyskew_only,medium,monetdb,query_60,6726.0,10
keyskew_only,medium,monetdb,query_61,1550.5,10
keyskew_only,medium,monetdb,query_62,46.5,10
keyskew_only,medium,monetdb,query_63,872.5,10
keyskew_only,medium,monetdb,query_64,255.5,10
keyskew_only,medium,monetdb,query_65,470.5,10
keyskew_only,medium,monetdb,query_66,387.0,10
keyskew_only,medium,monetdb,query_67,441.0,10
keyskew_only,medium,monetdb,query_68,50940.0,10
keyskew_only,medium,monetdb,query_69,107863.0,10
keyskew_only,medium,monetdb,query_70,1447.0,10
keyskew_only,medium,monetdb,query_71,13976.0,10
keyskew_only,medium,monetdb,query_73,156.5,10
keyskew_only,medium,monetdb,query_74,643.5,10
keyskew_only,medium,monetdb,query_75,172.5,10
keyskew_only,medium,monetdb,query_76,12270.0,10
keyskew_only,medium,monetdb,query_77,10837.5,10
keyskew_only,medium,monetdb,query_79,252.0,10
keyskew_only,medium,monetdb,query_80,77.0,10
keyskew_only,medium,monetdb,query_81,723.0,10
keyskew_only,medium,monetdb,query_82,252.0,10
keyskew_only,medium,monetdb,query_83,139.0,10
keyskew_only,medium,monetdb,query_84,15924.5,10
keyskew_only,medium,monetdb,query_85,212.5,10
keyskew_only,medium,monetdb,query_86,10913.0,10
keyskew_only,medium,monetdb,query_87,25367.0,10
keyskew_only,medium,monetdb,query_88,414.5,10
keyskew_only,medium,monetdb,query_89,1181.5,10
keyskew_only,medium,monetdb,query_91,537.0,10
keyskew_only,medium,monetdb,query_92,332.0,10
keyskew_only,medium,monetdb,query_93,32943.5,10
keyskew_only,medium,monetdb,query_94,4189.0,10
keyskew_only,medium,monetdb,query_95,212.0,10
keyskew_only,medium,monetdb,query_97,268.5,10
keyskew_only,medium,monetdb,query_98,10874.0,10
keyskew_only,medium,monetdb,query_99,550.0,10
keyskew_only,medium,monetdb,query_union_U2,10565.0,10
keyskew_only,medium,monetdb,query_union_U5,26574.0,10
keyskew_only,medium,monetdb,query_union_U10,71774.5,10
keyskew_only,medium,monetdb,query_union_U20,156776.5,10
skew_all,medium,cedardb,query_1,59.5,10
skew_all,medium,cedardb,query_2,949.5,10
skew_all,medium,cedardb,query_3,1433.5,10
skew_all,medium,cedardb,query_4,98.0,10
skew_all,medium,cedardb,query_5,230.0,10
skew_all,medium,cedardb,query_6,526.5,10
skew_all,medium,cedardb,query_7,218.0,10
skew_all,medium,cedardb,query_8,476.5,10
skew_all,medium,cedardb,query_9,13503.5,10
skew_all,medium,cedardb,query_10,1972.0,10
skew_all,medium,cedardb,query_11,209.5,10
skew_all,medium,cedardb,query_12,94.5,10
skew_all,medium,cedardb,query_13,66.5,10
skew_all,medium,cedardb,query_14,128.0,10
skew_all,medium,cedardb,query_15,100.5,10
skew_all,medium,cedardb,query_17,69.0,10
skew_all,medium,cedardb,query_18,445.0,10
skew_all,medium,cedardb,query_20,853.5,10
skew_all,medium,cedardb,query_21,392.0,10
skew_all,medium,cedardb,query_22,384.0,10
skew_all,medium,cedardb,query_23,261.5,10
skew_all,medium,cedardb,query_24,215.0,10
skew_all,medium,cedardb,query_25,80.5,10
skew_all,medium,cedardb,query_26,173.0,10
skew_all,medium,cedardb,query_27,242.0,10
skew_all,medium,cedardb,query_28,166.0,10
skew_all,medium,cedardb,query_30,467.5,10
skew_all,medium,cedardb,query_31,167.0,10
skew_all,medium,cedardb,query_32,478.5,10
skew_all,medium,cedardb,query_33,146.5,10
skew_all,medium,cedardb,query_35,1227.0,10
skew_all,medium,cedardb,query_36,385.5,10
skew_all,medium,cedardb,query_37,493.5,10
skew_all,medium,cedardb,query_39,94.5,10
skew_all,medium,cedardb,query_40,84.0,10
skew_all,medium,cedardb,query_41,12841.5,10
skew_all,medium,cedardb,query_42,1327.5,10
skew_all,medium,cedardb,query_43,95.0,10
skew_all,medium,cedardb,query_44,157.0,10
skew_all,medium,cedardb,query_45,474.0,10
skew_all,medium,cedardb,query_46,2264.5,10
skew_all,medium,cedardb,query_47,1019.5,10
skew_all,medium,cedardb,query_48,1052.0,10
skew_all,medium,cedardb,query_49,270.0,10
skew_all,medium,cedardb,query_50,595.5,10
skew_all,medium,cedardb,query_51,11475.5,10
skew_all,medium,cedardb,query_52,110.0,10
skew_all,medium,cedardb,query_53,10017.5,10
skew_all,medium,cedardb,query_54,4441.5,10
skew_all,medium,cedardb,query_55,650.5,10
skew_all,medium,cedardb,query_56,320.0,10
skew_all,medium,cedardb,query_57,92.5,10
skew_all,medium,cedardb,query_58,214.5,10
skew_all,medium,cedardb,query_59,379.0,10
skew_all,medium,cedardb,query_60,130.5,10
skew_all,medium,cedardb,query_61,271.5,10
skew_all,medium,cedardb,query_62,75.0,10
skew_all,medium,cedardb,query_63,149.5,10
skew_all,medium,cedardb,query_64,107.5,10
skew_all,medium,cedardb,query_65,134.5,10
skew_all,medium,cedardb,query_66,174.5,10
skew_all,medium,cedardb,query_67,221.5,10
skew_all,medium,cedardb,query_68,640.5,10
skew_all,medium,cedardb,query_69,4611.5,10
skew_all,medium,cedardb,query_70,370.0,10
skew_all,medium,cedardb,query_71,1305.5,10
skew_all,medium,cedardb,query_73,78.5,10
skew_all,medium,cedardb,query_74,81.5,10
skew_all,medium,cedardb,query_75,244.5,10
skew_all,medium,cedardb,query_76,1416.0,10
skew_all,medium,cedardb,query_77,4513.5,10
skew_all,medium,cedardb,query_79,78.0,10
skew_all,medium,cedardb,query_80,86.5,10
skew_all,medium,cedardb,query_81,253.5,10
skew_all,medium,cedardb,query_82,203.5,10
skew_all,medium,cedardb,query_83,385.0,10
skew_all,medium,cedardb,query_84,223.0,10
skew_all,medium,cedardb,query_85,259.5,10
skew_all,medium,cedardb,query_86,222.5,10
skew_all,medium,cedardb,query_87,1637.5,10
skew_all,medium,cedardb,query_88,284.0,10
skew_all,medium,cedardb,query_89,998.5,10
skew_all,medium,cedardb,query_91,138.5,10
skew_all,medium,cedardb,query_92,92.0,10
skew_all,medium,cedardb,query_93,19378.0,10
skew_all,medium,cedardb,query_94,378.5,10
skew_all,medium,cedardb,query_95,163.0,10
skew_all,medium,cedardb,query_97,349.5,10
skew_all,medium,cedardb,query_98,472.5,10
skew_all,medium,cedardb,query_99,134.5,10
skew_all,medium,cedardb,query_union_U2,9522.0,10
skew_all,medium,cedardb,query_union_U5,23655.0,10
skew_all,medium,cedardb,query_union_U10,65002.0,10
skew_all,medium,cedardb,query_union_U20,153437.5,10
skew_all,medium,duckdb,query_1,527.0,10
skew_all,medium,duckdb,query_2,910.0,10
skew_all,medium,duckdb,query_3,6153.5,10
skew_all,medium,duckdb,query_4,668.0,10
skew_all,medium,duckdb,query_5,558.0,10
skew_all,medium,duckdb,query_6,1727.0,10
skew_all,medium,duckdb,query_7,340.5,10
skew_all,medium,duckdb,query_8,996.5,10
skew_all,medium,duckdb,query_9,1991.0,10
skew_all,medium,duckdb,query_10,2879.5,10
skew_all,medium,duckdb,query_11,549.0,10
skew_all,medium,duckdb,query_12,699.5,10
skew_all,medium,duckdb,query_13,341.5,10
skew_all,medium,duckdb,query_14,398.5,10
skew_all,medium,duckdb,query_15,688.5,10
skew_all,medium,duckdb,query_17,544.5,10
skew_all,medium,duckdb,query_18,716.0,10
skew_all,medium,duckdb,query_20,2460.0,10
skew_all,medium,duckdb,query_21,1130.0,10
skew_all,medium,duckdb,query_22,987.0,10
skew_all,medium,duckdb,query_23,1510.5,10
skew_all,medium,duckdb,query_24,637.5,10
skew_all,medium,duckdb,query_25,421.0,10
skew_all,medium,duckdb,query_26,851.5,10
skew_all,medium,duckdb,query_27,846.0,10
skew_all,medium,duckdb,query_28,757.5,10
skew_all,medium,duckdb,query_30,1290.0,10
skew_all,medium,duckdb,query_31,558.5,10
skew_all,medium,duckdb,query_32,790.0,10
skew_all,medium,duckdb,query_33,695.0,10
skew_all,medium,duckdb,query_35,3339.5,10
skew_all,medium,duckdb,query_36,1356.5,10
skew_all,medium,duckdb,query_37,702.5,10
skew_all,medium,duckdb,query_39,1682.5,10
skew_all,medium,duckdb,query_40,380.0,10
skew_all,medium,duckdb,query_41,2529.5,10
skew_all,medium,duckdb,query_42,2200.0,10
skew_all,medium,duckdb,query_43,2238.0,10
skew_all,medium,duckdb,query_44,454.5,10
skew_all,medium,duckdb,query_45,916.0,10
skew_all,medium,duckdb,query_46,5516.0,10
skew_all,medium,duckdb,query_47,1271.5,10
skew_all,medium,duckdb,query_48,1765.5,10
skew_all,medium,duckdb,query_49,844.5,10
skew_all,medium,duckdb,query_50,893.5,10
skew_all,medium,duckdb,query_51,1477.5,10
skew_all,medium,duckdb,query_52,2158.0,10
skew_all,medium,duckdb,query_53,2182.5,10
skew_all,medium,duckdb,query_54,913.5,10
skew_all,medium,duckdb,query_55,1101.5,10
skew_all,medium,duckdb,query_56,895.5,10
skew_all,medium,duckdb,query_57,483.0,10
skew_all,medium,duckdb,query_58,657.0,10
skew_all,medium,duckdb,query_59,908.5,10
skew_all,medium,duckdb,query_60,1224.0,10
skew_all,medium,duckdb,query_61,833.0,10
skew_all,medium,duckdb,query_62,282.0,10
skew_all,medium,duckdb,query_63,1023.0,10
skew_all,medium,duckdb,query_64,359.5,10
skew_all,medium,duckdb,query_65,324.0,10
skew_all,medium,duckdb,query_66,1210.5,10
skew_all,medium,duckdb,query_67,673.0,10
skew_all,medium,duckdb,query_68,1946.5,10
skew_all,medium,duckdb,query_69,4807.5,10
skew_all,medium,duckdb,query_70,1026.5,10
skew_all,medium,duckdb,query_71,1949.5,10
skew_all,medium,duckdb,query_73,755.0,10
skew_all,medium,duckdb,query_74,1185.0,10
skew_all,medium,duckdb,query_75,542.0,10
skew_all,medium,duckdb,query_76,1160.0,10
skew_all,medium,duckdb,query_77,935.5,10
skew_all,medium,duckdb,query_79,709.0,10
skew_all,medium,duckdb,query_80,317.0,10
skew_all,medium,duckdb,query_81,920.5,10
skew_all,medium,duckdb,query_82,685.5,10
skew_all,medium,duckdb,query_83,925.5,10
skew_all,medium,duckdb,query_84,860.0,10
skew_all,medium,duckdb,query_85,458.0,10
skew_all,medium,duckdb,query_86,566.5,10
skew_all,medium,duckdb,query_87,2490.5,10
skew_all,medium,duckdb,query_88,882.0,10
skew_all,medium,duckdb,query_89,1128.5,10
skew_all,medium,duckdb,query_91,1212.5,10
skew_all,medium,duckdb,query_92,1072.5,10
skew_all,medium,duckdb,query_93,2423.0,10
skew_all,medium,duckdb,query_94,804.0,10
skew_all,medium,duckdb,query_95,1049.0,10
skew_all,medium,duckdb,query_97,1374.5,10
skew_all,medium,duckdb,query_98,1467.0,10
skew_all,medium,duckdb,query_99,1183.5,10
skew_all,medium,duckdb,query_union_U2,1002.5,10
skew_all,medium,duckdb,query_union_U5,1809.0,10
skew_all,medium,duckdb,query_union_U10,4697.0,10
skew_all,medium,duckdb,query_union_U20,10182.5,10
skew_all,medium,monetdb,query_1,86.5,10
skew_all,medium,monetdb,query_2,587.0,10
skew_all,medium,monetdb,query_3,67465.0,10
skew_all,medium,monetdb,query_4,156.0,10
skew_all,medium,monetdb,query_5,20877.0,10
skew_all,medium,monetdb,query_6,70577.0,10
skew_all,medium,monetdb,query_7,326.5,10
skew_all,medium,monetdb,query_8,433.5,10
skew_all,medium,monetdb,query_9,11273.0,10
skew_all,medium,monetdb,query_10,98456.5,10
skew_all,medium,monetdb,query_11,14.5,10
skew_all,medium,monetdb,query_12,664.0,10
skew_all,medium,monetdb,query_13,78.5,10
skew_all,medium,monetdb,query_14,1036.5,10
skew_all,medium,monetdb,query_15,200.5,10
skew_all,medium,monetdb,query_17,284.5,10
skew_all,medium,monetdb,query_18,174.0,10
skew_all,medium,monetdb,query_20,11155.5,10
skew_all,medium,monetdb,query_21,16.5,10
skew_all,medium,monetdb,query_22,390.0,10
skew_all,medium,monetdb,query_23,4220.0,10
skew_all,medium,monetdb,query_24,1126.0,10
skew_all,medium,monetdb,query_25,749.5,10
skew_all,medium,monetdb,query_26,5406.0,10
skew_all,medium,monetdb,query_27,365.5,10
skew_all,medium,monetdb,query_28,319.5,10
skew_all,medium,monetdb,query_30,4000.0,10
skew_all,medium,monetdb,query_31,200.5,10
skew_all,medium,monetdb,query_32,301.0,10
skew_all,medium,monetdb,query_33,402.5,10
skew_all,medium,monetdb,query_35,114805.5,10
skew_all,medium,monetdb,query_36,566.5,10
skew_all,medium,monetdb,query_37,446.0,10
skew_all,medium,monetdb,query_39,1192.0,10
skew_all,medium,monetdb,query_40,176.5,10
skew_all,medium,monetdb,query_41,38698.0,10
skew_all,medium,monetdb,query_42,2509.5,10
skew_all,medium,monetdb,query_43,35176.5,10
skew_all,medium,monetdb,query_44,119.0,10
skew_all,medium,monetdb,query_45,1181.5,10
skew_all,medium,monetdb,query_46,65747.0,10
skew_all,medium,monetdb,query_47,6083.0,10
skew_all,medium,monetdb,query_48,41973.5,10
skew_all,medium,monetdb,query_49,750.0,10
skew_all,medium,monetdb,query_50,9028.5,10
skew_all,medium,monetdb,query_51,15394.5,10
skew_all,medium,monetdb,query_52,11662.5,10
skew_all,medium,monetdb,query_53,34293.5,10
skew_all,medium,monetdb,query_54,9917.0,10
skew_all,medium,monetdb,query_55,16106.5,10
skew_all,medium,monetdb,query_56,397.5,10
skew_all,medium,monetdb,query_57,184.5,10
skew_all,medium,monetdb,query_58,2265.0,10
skew_all,medium,monetdb,query_59,448.0,10
skew_all,medium,monetdb,query_60,6647.5,10
skew_all,medium,monetdb,query_61,1488.0,10
skew_all,medium,monetdb,query_62,31.0,10
skew_all,medium,monetdb,query_63,820.5,10
skew_all,medium,monetdb,query_64,250.0,10
skew_all,medium,monetdb,query_65,477.5,10
skew_all,medium,monetdb,query_66,386.0,10
skew_all,medium,monetdb,query_67,326.0,10
skew_all,medium,monetdb,query_68,44266.0,10
skew_all,medium,monetdb,query_69,103498.5,10
skew_all,medium,monetdb,query_70,758.5,10
skew_all,medium,monetdb,query_71,13154.5,10
skew_all,medium,monetdb,query_73,160.5,10
skew_all,medium,monetdb,query_74,792.5,10
skew_all,medium,monetdb,query_75,174.5,10
skew_all,medium,monetdb,query_76,12145.0,10
skew_all,medium,monetdb,query_77,10190.0,10
skew_all,medium,monetdb,query_79,262.0,10
skew_all,medium,monetdb,query_80,79.5,10
skew_all,medium,monetdb,query_81,882.5,10
skew_all,medium,monetdb,query_82,248.5,10
skew_all,medium,monetdb,query_83,139.0,10
skew_all,medium,monetdb,query_84,15808.0,10
skew_all,medium,monetdb,query_85,156.5,10
skew_all,medium,monetdb,query_86,10920.0,10
skew_all,medium,monetdb,query_87,27195.0,10
skew_all,medium,monetdb,query_88,394.0,10
skew_all,medium,monetdb,query_89,1140.5,10
skew_all,medium,monetdb,query_91,789.5,10
skew_all,medium,monetdb,query_92,328.0,10
skew_all,medium,monetdb,query_93,31911.0,10
skew_all,medium,monetdb,query_94,4206.5,10
skew_all,medium,monetdb,query_95,208.5,10
skew_all,medium,monetdb,query_97,268.0,10
skew_all,medium,monetdb,query_98,10902.5,10
skew_all,medium,monetdb,query_99,517.0,10
skew_all,medium,monetdb,query_union_U2,10572.0,10
skew_all,medium,monetdb,query_union_U5,27009.5,10
skew_all,medium,monetdb,query_union_U10,73351.5,10
skew_all,medium,monetdb,query_union_U20,154749.0,10
skew_only,medium,cedardb,query_1,70.5,10
skew_only,medium,cedardb,query_2,1107.0,10
skew_only,medium,cedardb,query_3,1431.5,10
skew_only,medium,cedardb,query_4,147.0,10
skew_only,medium,cedardb,query_5,235.0,10
skew_only,medium,cedardb,query_6,509.5,10
skew_only,medium,cedardb,query_7,218.0,10
skew_only,medium,cedardb,query_8,683.5,10
skew_only,medium,cedardb,query_9,550.5,10
skew_only,medium,cedardb,query_10,2168.5,10
skew_only,medium,cedardb,query_11,179.0,10
skew_only,medium,cedardb,query_12,137.5,10
skew_only,medium,cedardb,query_13,85.0,10
skew_only,medium,cedardb,query_14,127.5,10
skew_only,medium,cedardb,query_15,99.5,10
skew_only,medium,cedardb,query_17,70.0,10
skew_only,medium,cedardb,query_18,153.0,10
skew_only,medium,cedardb,query_20,897.0,10
skew_only,medium,cedardb,query_21,475.5,10
skew_only,medium,cedardb,query_22,398.0,10
skew_only,medium,cedardb,query_23,216.0,10
skew_only,medium,cedardb,query_24,210.0,10
skew_only,medium,cedardb,query_25,82.0,10
skew_only,medium,cedardb,query_26,203.0,10
skew_only,medium,cedardb,query_27,236.5,10
skew_only,medium,cedardb,query_28,171.0,10
skew_only,medium,cedardb,query_30,481.0,10
skew_only,medium,cedardb,query_31,168.5,10
skew_only,medium,cedardb,query_32,474.0,10
skew_only,medium,cedardb,query_33,141.0,10
skew_only,medium,cedardb,query_35,1322.5,10
skew_only,medium,cedardb,query_36,385.0,10
skew_only,medium,cedardb,query_37,184.5,10
skew_only,medium,cedardb,query_39,94.0,10
skew_only,medium,cedardb,query_40,91.0,10
skew_only,medium,cedardb,query_41,3149.0,10
skew_only,medium,cedardb,query_42,1427.0,10
skew_only,medium,cedardb,query_43,193.5,10
skew_only,medium,cedardb,query_44,156.0,10
skew_only,medium,cedardb,query_45,466.0,10
skew_only,medium,cedardb,query_46,2239.0,10
skew_only,medium,cedardb,query_47,3977.5,10
skew_only,medium,cedardb,query_48,1054.0,10
skew_only,medium,cedardb,query_49,265.0,10
skew_only,medium,cedardb,query_50,267.5,10
skew_only,medium,cedardb,query_51,913.5,10
skew_only,medium,cedardb,query_52,509.5,10
skew_only,medium,cedardb,query_53,277.0,10
skew_only,medium,cedardb,query_54,2612.5,10
skew_only,medium,cedardb,query_55,648.5,10
skew_only,medium,cedardb,query_56,323.0,10
skew_only,medium,cedardb,query_57,100.0,10
skew_only,medium,cedardb,query_58,248.5,10
skew_only,medium,cedardb,query_59,375.5,10
skew_only,medium,cedardb,query_60,260.0,10
skew_only,medium,cedardb,query_61,272.5,10
skew_only,medium,cedardb,query_62,78.5,10
skew_only,medium,cedardb,query_63,148.5,10
skew_only,medium,cedardb,query_64,106.5,10
skew_only,medium,cedardb,query_65,135.0,10
skew_only,medium,cedardb,query_66,175.0,10
skew_only,medium,cedardb,query_67,211.0,10
skew_only,medium,cedardb,query_68,665.0,10
skew_only,medium,cedardb,query_69,4624.5,10
skew_only,medium,cedardb,query_70,378.0,10
skew_only,medium,cedardb,query_71,1407.0,10
skew_only,medium,cedardb,query_73,204.5,10
skew_only,medium,cedardb,query_74,95.0,10
skew_only,medium,cedardb,query_75,108.5,10
skew_only,medium,cedardb,query_76,795.0,10
skew_only,medium,cedardb,query_77,2611.0,10
skew_only,medium,cedardb,query_79,93.0,10
skew_only,medium,cedardb,query_80,138.0,10
skew_only,medium,cedardb,query_81,285.5,10
skew_only,medium,cedardb,query_82,198.5,10
skew_only,medium,cedardb,query_83,395.0,10
skew_only,medium,cedardb,query_84,222.0,10
skew_only,medium,cedardb,query_85,371.0,10
skew_only,medium,cedardb,query_86,239.5,10
skew_only,medium,cedardb,query_87,477.5,10
skew_only,medium,cedardb,query_88,283.5,10
skew_only,medium,cedardb,query_89,1010.0,10
skew_only,medium,cedardb,query_91,108.5,10
skew_only,medium,cedardb,query_92,86.5,10
skew_only,medium,cedardb,query_93,1523.0,10
skew_only,medium,cedardb,query_94,377.0,10
skew_only,medium,cedardb,query_95,139.0,10
skew_only,medium,cedardb,query_97,450.0,10
skew_only,medium,cedardb,query_98,567.0,10
skew_only,medium,cedardb,query_99,134.0,10
skew_only,medium,cedardb,query_union_U2,9656.5,10
skew_only,medium,cedardb,query_union_U5,24222.5,10
skew_only,medium,cedardb,query_union_U10,67128.0,10
skew_only,medium,cedardb,query_union_U20,157644.0,10
skew_only,medium,duckdb,query_1,522.0,10
skew_only,medium,duckdb,query_2,999.5,10
skew_only,medium,duckdb,query_3,6366.0,10
skew_only,medium,duckdb,query_4,689.5,10
skew_only,medium,duckdb,query_5,559.0,10
skew_only,medium,duckdb,query_6,1805.0,10
skew_only,medium,duckdb,query_7,337.5,10
skew_only,medium,duckdb,query_8,962.0,10
skew_only,medium,duckdb,query_9,1021.0,10
skew_only,medium,duckdb,query_10,3909.5,10
skew_only,medium,duckdb,query_11,541.5,10
skew_only,medium,duckdb,query_12,760.0,10
skew_only,medium,duckdb,query_13,315.0,10
skew_only,medium,duckdb,query_14,389.5,10
skew_only,medium,duckdb,query_15,698.0,10
skew_only,medium,duckdb,query_17,589.5,10
skew_only,medium,duckdb,query_18,598.5,10
skew_only,medium,duckdb,query_20,2562.0,10
skew_only,medium,duckdb,query_21,1151.0,10
skew_only,medium,duckdb,query_22,923.0,10
skew_only,medium,duckdb,query_23,1422.5,10
skew_only,medium,duckdb,query_24,600.5,10
skew_only,medium,duckdb,query_25,450.0,10
skew_only,medium,duckdb,query_26,904.0,10
skew_only,medium,duckdb,query_27,842.5,10
skew_only,medium,duckdb,query_28,812.5,10
skew_only,medium,duckdb,query_30,1371.0,10
skew_only,medium,duckdb,query_31,608.5,10
skew_only,medium,duckdb,query_32,792.0,10
skew_only,medium,duckdb,query_33,678.5,10
skew_only,medium,duckdb,query_35,3818.5,10
skew_only,medium,duckdb,query_36,1270.0,10
skew_only,medium,duckdb,query_37,687.0,10
skew_only,medium,duckdb,query_39,1945.0,10
skew_only,medium,duckdb,query_40,365.0,10
skew_only,medium,duckdb,query_41,1113.5,10
skew_only,medium,duckdb,query_42,2092.0,10
skew_only,medium,duckdb,query_43,2331.0,10
skew_only,medium,duckdb,query_44,485.5,10
skew_only,medium,duckdb,query_45,937.5,10
skew_only,medium,duckdb,query_46,5436.5,10
skew_only,medium,duckdb,query_47,1607.5,10
skew_only,medium,duckdb,query_48,1657.0,10
skew_only,medium,duckdb,query_49,878.0,10
skew_only,medium,duckdb,query_50,902.0,10
skew_only,medium,duckdb,query_51,1914.0,10
skew_only,medium,duckdb,query_52,2189.0,10
skew_only,medium,duckdb,query_53,1214.0,10
skew_only,medium,duckdb,query_54,1051.5,10
skew_only,medium,duckdb,query_55,1111.5,10
skew_only,medium,duckdb,query_56,871.0,10
skew_only,medium,duckdb,query_57,496.5,10
skew_only,medium,duckdb,query_58,661.0,10
skew_only,medium,duckdb,query_59,911.0,10
skew_only,medium,duckdb,query_60,1201.5,10
skew_only,medium,duckdb,query_61,840.5,10
skew_only,medium,duckdb,query_62,294.5,10
skew_only,medium,duckdb,query_63,1046.5,10
skew_only,medium,duckdb,query_64,385.0,10
skew_only,medium,duckdb,query_65,374.0,10
skew_only,medium,duckdb,query_66,1248.0,10
skew_only,medium,duckdb,query_67,697.5,10
skew_only,medium,duckdb,query_68,1946.5,10
skew_only,medium,duckdb,query_69,4796.0,10
skew_only,medium,duckdb,query_70,1048.5,10
skew_only,medium,duckdb,query_71,1982.0,10
skew_only,medium,duckdb,query_73,816.5,10
skew_only,medium,duckdb,query_74,1071.5,10
skew_only,medium,duckdb,query_75,497.5,10
skew_only,medium,duckdb,query_76,1572.5,10
skew_only,medium,duckdb,query_77,1027.0,10
skew_only,medium,duckdb,query_79,776.0,10
skew_only,medium,duckdb,query_80,364.0,10
skew_only,medium,duckdb,query_81,1019.5,10
skew_only,medium,duckdb,query_82,741.5,10
skew_only,medium,duckdb,query_83,1020.5,10
skew_only,medium,duckdb,query_84,898.5,10
skew_only,medium,duckdb,query_85,563.0,10
skew_only,medium,duckdb,query_86,602.5,10
skew_only,medium,duckdb,query_87,1264.5,10
skew_only,medium,duckdb,query_88,890.0,10
skew_only,medium,duckdb,query_89,1085.0,10
skew_only,medium,duckdb,query_91,1199.5,10
skew_only,medium,duckdb,query_92,1099.0,10
skew_only,medium,duckdb,query_93,3968.5,10
skew_only,medium,duckdb,query_94,858.0,10
skew_only,medium,duckdb,query_95,1076.0,10
skew_only,medium,duckdb,query_97,1325.0,10
skew_only,medium,duckdb,query_98,1386.5,10
skew_only,medium,duckdb,query_99,1265.0,10
skew_only,medium,duckdb,query_union_U2,969.5,10
skew_only,medium,duckdb,query_union_U5,1835.0,10
skew_only,medium,duckdb,query_union_U10,4890.0,10
skew_only,medium,duckdb,query_union_U20,10528.5,10
skew_only,medium,monetdb,query_1,87.5,10
skew_only,medium,monetdb,query_2,738.0,10
skew_only,medium,monetdb,query_3,67302.0,10
skew_only,medium,monetdb,query_4,302.5,10
skew_only,medium,monetdb,query_5,20559.0,10
skew_only,medium,monetdb,query_6,63186.5,10
skew_only,medium,monetdb,query_7,348.0,10
skew_only,medium,monetdb,query_8,541.5,10
skew_only,medium,monetdb,query_9,7097.0,10
skew_only,medium,monetdb,query_10,114097.0,10
skew_only,medium,monetdb,query_11,15.0,10
skew_only,medium,monetdb,query_12,2648.0,10
skew_only,medium,monetdb,query_13,100.0,10
skew_only,medium,monetdb,query_14,997.5,10
skew_only,medium,monetdb,query_15,201.0,10
skew_only,medium,monetdb,query_17,310.5,10
skew_only,medium,monetdb,query_18,144.5,10
skew_only,medium,monetdb,query_20,10542.0,10
skew_only,medium,monetdb,query_21,16.0,10
skew_only,medium,monetdb,query_22,432.0,10
skew_only,medium,monetdb,query_23,2356.0,10
skew_only,medium,monetdb,query_24,1113.5,10
skew_only,medium,monetdb,query_25,1060.0,10
skew_only,medium,monetdb,query_26,8317.0,10
skew_only,medium,monetdb,query_27,364.0,10
skew_only,medium,monetdb,query_28,347.5,10
skew_only,medium,monetdb,query_30,3869.0,10
skew_only,medium,monetdb,query_31,196.0,10
skew_only,medium,monetdb,query_32,304.5,10
skew_only,medium,monetdb,query_33,381.5,10
skew_only,medium,monetdb,query_35,185928.5,10
skew_only,medium,monetdb,query_36,565.5,10
skew_only,medium,monetdb,query_37,1138.0,10
skew_only,medium,monetdb,query_39,1533.5,10
skew_only,medium,monetdb,query_40,165.5,10
skew_only,medium,monetdb,query_41,18746.5,10
skew_only,medium,monetdb,query_42,2821.0,10
skew_only,medium,monetdb,query_43,328060.5,10
skew_only,medium,monetdb,query_44,117.0,10
skew_only,medium,monetdb,query_45,1305.0,10
skew_only,medium,monetdb,query_46,66908.0,10
skew_only,medium,monetdb,query_47,10667.0,10
skew_only,medium,monetdb,query_48,37507.0,10
skew_only,medium,monetdb,query_49,744.5,10
skew_only,medium,monetdb,query_50,9699.5,10
skew_only,medium,monetdb,query_51,19931.0,10
skew_only,medium,monetdb,query_52,13376.5,10
skew_only,medium,monetdb,query_53,10716.5,10
skew_only,medium,monetdb,query_54,14264.5,10
skew_only,medium,monetdb,query_55,16107.5,10
skew_only,medium,monetdb,query_56,393.5,10
skew_only,medium,monetdb,query_57,212.5,10
skew_only,medium,monetdb,query_58,1438.5,10
skew_only,medium,monetdb,query_59,439.5,10
skew_only,medium,monetdb,query_60,7763.0,10
skew_only,medium,monetdb,query_61,1345.0,10
skew_only,medium,monetdb,query_62,28.0,10
skew_only,medium,monetdb,query_63,914.0,10
skew_only,medium,monetdb,query_64,254.0,10
skew_only,medium,monetdb,query_65,482.0,10
skew_only,medium,monetdb,query_66,436.5,10
skew_only,medium,monetdb,query_67,335.0,10
skew_only,medium,monetdb,query_68,44119.5,10
skew_only,medium,monetdb,query_69,137755.0,10
skew_only,medium,monetdb,query_70,685.0,10
skew_only,medium,monetdb,query_71,20155.0,10
skew_only,medium,monetdb,query_73,382.5,10
skew_only,medium,monetdb,query_74,561.0,10
skew_only,medium,monetdb,query_75,362.5,10
skew_only,medium,monetdb,query_76,15761.5,10
skew_only,medium,monetdb,query_77,14140.0,10
skew_only,medium,monetdb,query_79,275.0,10
skew_only,medium,monetdb,query_80,172.0,10
skew_only,medium,monetdb,query_81,799.0,10
skew_only,medium,monetdb,query_82,240.0,10
skew_only,medium,monetdb,query_83,147.5,10
skew_only,medium,monetdb,query_84,15790.5,10
skew_only,medium,monetdb,query_85,268.0,10
skew_only,medium,monetdb,query_86,11003.0,10
skew_only,medium,monetdb,query_87,17604.0,10
skew_only,medium,monetdb,query_88,430.5,10
skew_only,medium,monetdb,query_89,1218.5,10
skew_only,medium,monetdb,query_91,524.0,10
skew_only,medium,monetdb,query_92,344.0,10
skew_only,medium,monetdb,query_93,33893.0,10
skew_only,medium,monetdb,query_94,4207.5,10
skew_only,medium,monetdb,query_95,233.0,10
skew_only,medium,monetdb,query_97,438.5,10
skew_only,medium,monetdb,query_98,10898.5,10
skew_only,medium,monetdb,query_99,646.5,10
skew_only,medium,monetdb,query_union_U2,10556.0,10
skew_only,medium,monetdb,query_union_U5,26935.5,10
skew_only,medium,monetdb,query_union_U10,72830.5,10
skew_only,medium,monetdb,query_union_U20,157176.0,10
sparsity_only,medium,cedardb,query_1,72.0,10
sparsity_only,medium,cedardb,query_2,1027.5,10
sparsity_only,medium,cedardb,query_3,1434.0,10
sparsity_only,medium,cedardb,query_4,171.5,10
sparsity_only,medium,cedardb,query_5,230.0,10
sparsity_only,medium,cedardb,query_6,485.5,10
sparsity_only,medium,cedardb,query_7,224.5,10
sparsity_only,medium,cedardb,query_8,576.5,10
sparsity_only,medium,cedardb,query_9,318.0,10
sparsity_only,medium,cedardb,query_10,2161.0,10
sparsity_only,medium,cedardb,query_11,155.0,10
sparsity_only,medium,cedardb,query_12,143.5,10
sparsity_only,medium,cedardb,query_13,87.5,10
sparsity_only,medium,cedardb,query_14,182.5,10
sparsity_only,medium,cedardb,query_15,105.5,10
sparsity_only,medium,cedardb,query_17,72.5,10
sparsity_only,medium,cedardb,query_18,140.5,10
sparsity_only,medium,cedardb,query_20,903.0,10
sparsity_only,medium,cedardb,query_21,500.0,10
sparsity_only,medium,cedardb,query_22,415.5,10
sparsity_only,medium,cedardb,query_23,214.0,10
sparsity_only,medium,cedardb,query_24,162.0,10
sparsity_only,medium,cedardb,query_25,82.0,10
sparsity_only,medium,cedardb,query_26,201.0,10
sparsity_only,medium,cedardb,query_27,248.5,10
sparsity_only,medium,cedardb,query_28,175.0,10
sparsity_only,medium,cedardb,query_30,295.0,10
sparsity_only,medium,cedardb,query_31,171.0,10
sparsity_only,medium,cedardb,query_32,486.5,10
sparsity_only,medium,cedardb,query_33,144.5,10
sparsity_only,medium,cedardb,query_35,8452.5,10
sparsity_only,medium,cedardb,query_36,362.5,10
sparsity_only,medium,cedardb,query_37,396.0,10
sparsity_only,medium,cedardb,query_39,93.0,10
sparsity_only,medium,cedardb,query_40,59.5,10
sparsity_only,medium,cedardb,query_41,2816.5,10
sparsity_only,medium,cedardb,query_42,1391.0,10
sparsity_only,medium,cedardb,query_43,58.0,10
sparsity_only,medium,cedardb,query_44,163.0,10
sparsity_only,medium,cedardb,query_45,497.5,10
sparsity_only,medium,cedardb,query_46,68651.5,10
sparsity_only,medium,cedardb,query_47,2727.0,10
sparsity_only,medium,cedardb,query_48,969.5,10
sparsity_only,medium,cedardb,query_49,264.0,10
sparsity_only,medium,cedardb,query_50,215.0,10
sparsity_only,medium,cedardb,query_51,622.5,10
sparsity_only,medium,cedardb,query_52,390.0,10
sparsity_only,medium,cedardb,query_53,1917.5,10
sparsity_only,medium,cedardb,query_54,2366.5,10
sparsity_only,medium,cedardb,query_55,4649.0,10
sparsity_only,medium,cedardb,query_56,323.0,10
sparsity_only,medium,cedardb,query_57,100.0,10
sparsity_only,medium,cedardb,query_58,260.5,10
sparsity_only,medium,cedardb,query_59,386.5,10
sparsity_only,medium,cedardb,query_60,163.0,10
sparsity_only,medium,cedardb,query_61,282.0,10
sparsity_only,medium,cedardb,query_62,66.5,10
sparsity_only,medium,cedardb,query_63,148.0,10
sparsity_only,medium,cedardb,query_64,97.0,10
sparsity_only,medium,cedardb,query_65,122.5,10
sparsity_only,medium,cedardb,query_66,174.5,10
sparsity_only,medium,cedardb,query_67,231.5,10
sparsity_only,medium,cedardb,query_68,681.0,10
sparsity_only,medium,cedardb,query_69,4607.0,10
sparsity_only,medium,cedardb,query_70,1297.5,10
sparsity_only,medium,cedardb,query_71,1298.0,10
sparsity_only,medium,cedardb,query_73,199.0,10
sparsity_only,medium,cedardb,query_74,122.5,10
sparsity_only,medium,cedardb,query_75,107.0,10
sparsity_only,medium,cedardb,query_76,807.0,10
sparsity_only,medium,cedardb,query_77,2416.0,10
sparsity_only,medium,cedardb,query_79,89.5,10
sparsity_only,medium,cedardb,query_80,140.0,10
sparsity_only,medium,cedardb,query_81,278.0,10
sparsity_only,medium,cedardb,query_82,204.5,10
sparsity_only,medium,cedardb,query_83,410.0,10
sparsity_only,medium,cedardb,query_84,228.5,10
sparsity_only,medium,cedardb,query_85,376.0,10
sparsity_only,medium,cedardb,query_86,194.5,10
sparsity_only,medium,cedardb,query_87,181.0,10
sparsity_only,medium,cedardb,query_88,302.5,10
sparsity_only,medium,cedardb,query_89,319.0,10
sparsity_only,medium,cedardb,query_91,107.0,10
sparsity_only,medium,cedardb,query_92,93.5,10
sparsity_only,medium,cedardb,query_93,1113.5,10
sparsity_only,medium,cedardb,query_94,424.5,10
sparsity_only,medium,cedardb,query_95,129.0,10
sparsity_only,medium,cedardb,query_97,472.0,10
sparsity_only,medium,cedardb,query_98,475.0,10
sparsity_only,medium,cedardb,query_99,134.0,10
sparsity_only,medium,cedardb,query_union_U2,9748.5,10
sparsity_only,medium,cedardb,query_union_U5,24484.0,10
sparsity_only,medium,cedardb,query_union_U10,67520.0,10
sparsity_only,medium,cedardb,query_union_U20,157055.5,10
sparsity_only,medium,duckdb,query_1,533.0,10
sparsity_only,medium,duckdb,query_2,1019.0,10
sparsity_only,medium,duckdb,query_3,5979.5,10
sparsity_only,medium,duckdb,query_4,696.5,10
sparsity_only,medium,duckdb,query_5,544.5,10
sparsity_only,medium,duckdb,query_6,1735.0,10
sparsity_only,medium,duckdb,query_7,343.0,10
sparsity_only,medium,duckdb,query_8,973.5,10
sparsity_only,medium,duckdb,query_9,1038.0,10
sparsity_only,medium,duckdb,query_10,3757.0,10
sparsity_only,medium,duckdb,query_11,540.5,10
sparsity_only,medium,duckdb,query_12,808.5,10
sparsity_only,medium,duckdb,query_13,320.0,10
sparsity_only,medium,duckdb,query_14,414.0,10
sparsity_only,medium,duckdb,query_15,651.5,10
sparsity_only,medium,duckdb,query_17,536.5,10
sparsity_only,medium,duckdb,query_18,571.5,10
sparsity_only,medium,duckdb,query_20,2773.0,10
sparsity_only,medium,duckdb,query_21,1155.5,10
sparsity_only,medium,duckdb,query_22,982.5,10
sparsity_only,medium,duckdb,query_23,1433.5,10
sparsity_only,medium,duckdb,query_24,545.0,10
sparsity_only,medium,duckdb,query_25,472.5,10
sparsity_only,medium,duckdb,query_26,934.0,10
sparsity_only,medium,duckdb,query_27,823.5,10
sparsity_only,medium,duckdb,query_28,815.5,10
sparsity_only,medium,duckdb,query_30,1352.5,10
sparsity_only,medium,duckdb,query_31,561.5,10
sparsity_only,medium,duckdb,query_32,749.5,10
sparsity_only,medium,duckdb,query_33,629.0,10
sparsity_only,medium,duckdb,query_35,8556.0,10
sparsity_only,medium,duckdb,query_36,1279.5,10
sparsity_only,medium,duckdb,query_37,729.0,10
sparsity_only,medium,duckdb,query_39,2092.0,10
sparsity_only,medium,duckdb,query_40,381.5,10
sparsity_only,medium,duckdb,query_41,1201.0,10
sparsity_only,medium,duckdb,query_42,2066.5,10
sparsity_only,medium,duckdb,query_43,2296.0,10
sparsity_only,medium,duckdb,query_44,498.0,10
sparsity_only,medium,duckdb,query_45,1021.5,10
sparsity_only,medium,duckdb,query_46,5507.5,10
sparsity_only,medium,duckdb,query_47,1608.5,10
sparsity_only,medium,duckdb,query_48,1697.0,10
sparsity_only,medium,duckdb,query_49,876.0,10
sparsity_only,medium,duckdb,query_50,881.0,10
sparsity_only,medium,duckdb,query_51,1887.5,10
sparsity_only,medium,duckdb,query_52,2175.0,10
sparsity_only,medium,duckdb,query_53,1269.0,10
sparsity_only,medium,duckdb,query_54,1191.0,10
sparsity_only,medium,duckdb,query_55,3327.0,10
sparsity_only,medium,duckdb,query_56,876.5,10
sparsity_only,medium,duckdb,query_57,526.0,10
sparsity_only,medium,duckdb,query_58,671.5,10
sparsity_only,medium,duckdb,query_59,873.0,10
sparsity_only,medium,duckdb,query_60,1204.0,10
sparsity_only,medium,duckdb,query_61,797.5,10
sparsity_only,medium,duckdb,query_62,279.5,10
sparsity_only,medium,duckdb,query_63,1015.0,10
sparsity_only,medium,duckdb,query_64,402.5,10
sparsity_only,medium,duckdb,query_65,323.0,10
sparsity_only,medium,duckdb,query_66,1196.0,10
sparsity_only,medium,duckdb,query_67,667.5,10
sparsity_only,medium,duckdb,query_68,1954.0,10
sparsity_only,medium,duckdb,query_69,4880.5,10
sparsity_only,medium,duckdb,query_70,1322.0,10
sparsity_only,medium,duckdb,query_71,1931.0,10
sparsity_only,medium,duckdb,query_73,818.5,10
sparsity_only,medium,duckdb,query_74,1005.0,10
sparsity_only,medium,duckdb,query_75,451.0,10
sparsity_only,medium,duckdb,query_76,1578.0,10
sparsity_only,medium,duckdb,query_77,1217.0,10
sparsity_only,medium,duckdb,query_79,755.5,10
sparsity_only,medium,duckdb,query_80,327.0,10
sparsity_only,medium,duckdb,query_81,929.0,10
sparsity_only,medium,duckdb,query_82,638.5,10
sparsity_only,medium,duckdb,query_83,933.5,10
sparsity_only,medium,duckdb,query_84,866.5,10
sparsity_only,medium,duckdb,query_85,554.0,10
sparsity_only,medium,duckdb,query_86,592.0,10
sparsity_only,medium,duckdb,query_87,1234.5,10
sparsity_only,medium,duckdb,query_88,882.5,10
sparsity_only,medium,duckdb,query_89,970.0,10
sparsity_only,medium,duckdb,query_91,1150.0,10
sparsity_only,medium,duckdb,query_92,1069.5,10
sparsity_only,medium,duckdb,query_93,3550.0,10
sparsity_only,medium,duckdb,query_94,802.0,10
sparsity_only,medium,duckdb,query_95,1041.0,10
sparsity_only,medium,duckdb,query_97,1310.0,10
sparsity_only,medium,duckdb,query_98,1175.0,10
sparsity_only,medium,duckdb,query_99,1231.0,10
sparsity_only,medium,duckdb,query_union_U2,944.0,10
sparsity_only,medium,duckdb,query_union_U5,1820.0,10
sparsity_only,medium,duckdb,query_union_U10,4843.5,10
sparsity_only,medium,duckdb,query_union_U20,10474.0,10
sparsity_only,medium,monetdb,query_1,88.5,10
sparsity_only,medium,monetdb,query_2,791.5,10
sparsity_only,medium,monetdb,query_3,77128.5,10
sparsity_only,medium,monetdb,query_4,273.0,10
sparsity_only,medium,monetdb,query_5,20515.0,10
sparsity_only,medium,monetdb,query_6,69689.0,10
sparsity_only,medium,monetdb,query_7,323.5,10
sparsity_only,medium,monetdb,query_8,531.0,10
sparsity_only,medium,monetdb,query_9,7020.5,10
sparsity_only,medium,monetdb,query_10,138590.5,10
sparsity_only,medium,monetdb,query_11,16.0,10
sparsity_only,medium,monetdb,query_12,2627.0,10
sparsity_only,medium,monetdb,query_13,100.0,10
sparsity_only,medium,monetdb,query_14,1157.5,10
sparsity_only,medium,monetdb,query_15,200.0,10
sparsity_only,medium,monetdb,query_17,309.0,10
sparsity_only,medium,monetdb,query_18,144.5,10
sparsity_only,medium,monetdb,query_20,9064.5,10
sparsity_only,medium,monetdb,query_21,16.0,10
sparsity_only,medium,monetdb,query_22,418.5,10
sparsity_only,medium,monetdb,query_23,2556.0,10
sparsity_only,medium,monetdb,query_24,717.5,10
sparsity_only,medium,monetdb,query_25,1538.0,10
sparsity_only,medium,monetdb,query_26,8339.0,10
sparsity_only,medium,monetdb,query_27,363.5,10
sparsity_only,medium,monetdb,query_28,351.5,10
sparsity_only,medium,monetdb,query_30,4085.0,10
sparsity_only,medium,monetdb,query_31,202.0,10
sparsity_only,medium,monetdb,query_32,322.5,10
sparsity_only,medium,monetdb,query_33,402.5,10
sparsity_only,medium,monetdb,query_35,182392.5,10
sparsity_only,medium,monetdb,query_36,520.0,10
sparsity_only,medium,monetdb,query_37,1468.0,10
sparsity_only,medium,monetdb,query_39,1511.0,10
sparsity_only,medium,monetdb,query_40,81.0,10
sparsity_only,medium,monetdb,query_41,19050.0,10
sparsity_only,medium,monetdb,query_42,2611.0,10
sparsity_only,medium,monetdb,query_43,307329.5,10
sparsity_only,medium,monetdb,query_44,120.5,10
sparsity_only,medium,monetdb,query_45,2182.5,10
sparsity_only,medium,monetdb,query_46,147139.5,10
sparsity_only,medium,monetdb,query_47,11110.0,10
sparsity_only,medium,monetdb,query_48,20565.0,10
sparsity_only,medium,monetdb,query_49,749.5,10
sparsity_only,medium,monetdb,query_50,9522.5,10
sparsity_only,medium,monetdb,query_51,19094.5,10
sparsity_only,medium,monetdb,query_52,13878.0,10
sparsity_only,medium,monetdb,query_53,10429.0,10
sparsity_only,medium,monetdb,query_54,18972.0,10
sparsity_only,medium,monetdb,query_55,25606.5,10
sparsity_only,medium,monetdb,query_56,404.5,10
sparsity_only,medium,monetdb,query_57,192.0,10
sparsity_only,medium,monetdb,query_58,1789.5,10
sparsity_only,medium,monetdb,query_59,580.0,10
sparsity_only,medium,monetdb,query_60,5015.0,10
sparsity_only,medium,monetdb,query_61,1495.5,10
sparsity_only,medium,monetdb,query_62,31.0,10
sparsity_only,medium,monetdb,query_63,704.0,10
sparsity_only,medium,monetdb,query_64,86.5,10
sparsity_only,medium,monetdb,query_65,142.0,10
sparsity_only,medium,monetdb,query_66,437.5,10
sparsity_only,medium,monetdb,query_67,342.0,10
sparsity_only,medium,monetdb,query_68,44390.5,10
sparsity_only,medium,monetdb,query_69,138639.0,10
sparsity_only,medium,monetdb,query_70,1451.0,10
sparsity_only,medium,monetdb,query_71,20606.0,10
sparsity_only,medium,monetdb,query_73,387.5,10
sparsity_only,medium,monetdb,query_74,609.0,10
sparsity_only,medium,monetdb,query_75,373.5,10
sparsity_only,medium,monetdb,query_76,17858.0,10
sparsity_only,medium,monetdb,query_77,20679.5,10
sparsity_only,medium,monetdb,query_79,289.0,10
sparsity_only,medium,monetdb,query_80,194.5,10
sparsity_only,medium,monetdb,query_81,797.0,10
sparsity_only,medium,monetdb,query_82,249.0,10
sparsity_only,medium,monetdb,query_83,144.0,10
sparsity_only,medium,monetdb,query_84,15746.5,10
sparsity_only,medium,monetdb,query_85,277.0,10
sparsity_only,medium,monetdb,query_86,11146.5,10
sparsity_only,medium,monetdb,query_87,22236.5,10
sparsity_only,medium,monetdb,query_88,437.5,10
sparsity_only,medium,monetdb,query_89,503.5,10
sparsity_only,medium,monetdb,query_91,636.0,10
sparsity_only,medium,monetdb,query_92,339.5,10
sparsity_only,medium,monetdb,query_93,31912.5,10
sparsity_only,medium,monetdb,query_94,4181.5,10
sparsity_only,medium,monetdb,query_95,193.0,10
sparsity_only,medium,monetdb,query_97,443.5,10
sparsity_only,medium,monetdb,query_98,13437.0,10
sparsity_only,medium,monetdb,query_99,723.0,10
sparsity_only,medium,monetdb,query_union_U2,10424.5,10
sparsity_only,medium,monetdb,query_union_U5,27233.5,10
sparsity_only,medium,monetdb,query_union_U10,71800.0,10
sparsity_only,medium,monetdb,query_union_U20,151852.0,10
