engine,query,sql_joins,plan_joins,plan_over_sql,plan_join_operators,error
cedardb,query_1,3,3,1.000,hashjoin=3,
cedardb,query_10,8,8,1.000,hashjoin=8,
cedardb,query_11,2,2,1.000,hashjoin=2,
cedardb,query_12,4,4,1.000,hashjoin=4,
cedardb,query_13,6,6,1.000,hashjoin=6,
cedardb,query_14,3,3,1.000,hashjoin=3,
cedardb,query_15,2,2,1.000,hashjoin=2,
cedardb,query_16,4,,,,"ERROR:  distinct aggregate function count not supported in grouping sets
DETAIL:  at:        count(distinct i_product_name) *error*  as distinct_product_name_count,"
cedardb,query_17,3,5,1.667,hashjoin=5,
cedardb,query_18,4,4,1.000,hashjoin=4,
cedardb,query_19,8,,,,"ERROR:  aggregate functions are not allowed here
DETAIL:  at:       ,max(cast((select max(d_date) *error*  from date_dim where d_week_seq = (select d_week_seq from date_dim where d_date = '2001-02-07'"
cedardb,query_2,4,4,1.000,hashjoin=4,
cedardb,query_20,19,19,1.000,hashjoin=8 indexnljoin=11,
cedardb,query_21,3,3,1.000,hashjoin=3,
cedardb,query_22,9,12,1.333,hashjoin=12,
cedardb,query_23,6,6,1.000,hashjoin=6,
cedardb,query_24,4,4,1.000,hashjoin=4,
cedardb,query_25,3,5,1.667,hashjoin=5,
cedardb,query_26,5,8,1.600,hashjoin=8,
cedardb,query_27,3,3,1.000,hashjoin=3,
cedardb,query_28,5,8,1.600,hashjoin=7 indexnljoin=1,
cedardb,query_29,9,,,,"ERROR:  aggregate functions are not allowed here
DETAIL:  at:  ,min((select min(d_date) *error*  from date_dim where d_year = 2000 and d_moy = 8)) as min_sales_date"
cedardb,query_3,10,10,1.000,hashjoin=10,
cedardb,query_30,6,6,1.000,hashjoin=6,
cedardb,query_31,3,3,1.000,hashjoin=3,
cedardb,query_32,2,2,1.000,hashjoin=2,
cedardb,query_33,7,7,1.000,hashjoin=7,
cedardb,query_34,4,,,,"ERROR:  distinct aggregate function count not supported in grouping sets
DETAIL:  at:   ,count(distinct s_store_name) *error*  as distinct_store_name_count"
cedardb,query_35,3,3,1.000,hashjoin=3,
cedardb,query_36,5,5,1.000,singletonjoin=5,
cedardb,query_37,4,5,1.250,hashjoin=5,
cedardb,query_38,3,3,1.000,hashjoin=3,
cedardb,query_39,8,8,1.000,hashjoin=8,
cedardb,query_4,3,3,1.000,hashjoin=1 indexnljoin=2,
cedardb,query_40,7,7,1.000,hashjoin=6 singletonjoin=1,
cedardb,query_41,7,7,1.000,hashjoin=4 indexnljoin=3,
cedardb,query_42,5,4,0.800,hashjoin=3 hashtriejoin=1,
cedardb,query_43,5,8,1.600,hashjoin=8,
cedardb,query_44,3,4,1.333,hashjoin=3 indexnljoin=1,
cedardb,query_45,2,2,1.000,hashjoin=2,
cedardb,query_46,3,3,1.000,hashjoin=3,
cedardb,query_47,5,8,1.600,hashjoin=8,
cedardb,query_48,6,6,1.000,hashjoin=6,
cedardb,query_49,0,15,,singletonjoin=15,
cedardb,query_5,4,4,1.000,hashjoin=4,
cedardb,query_50,9,9,1.000,hashjoin=9,
cedardb,query_51,7,7,1.000,hashjoin=7,
cedardb,query_52,2,2,1.000,hashjoin=1 indexnljoin=1,
cedardb,query_53,7,7,1.000,hashjoin=2 indexnljoin=5,
cedardb,query_54,6,6,1.000,hashjoin=6,
cedardb,query_55,2,2,1.000,hashjoin=2,
cedardb,query_56,3,3,1.000,hashjoin=3,
cedardb,query_57,3,3,1.000,hashjoin=3,
cedardb,query_58,4,5,1.250,hashjoin=4 singletonjoin=1,
cedardb,query_59,2,2,1.000,hashjoin=2,
cedardb,query_6,15,15,1.000,hashjoin=14 indexnljoin=1,
cedardb,query_60,4,4,1.000,hashjoin=3 indexnljoin=1,
cedardb,query_61,2,2,1.000,hashjoin=2,
cedardb,query_62,0,2,,hashjoin=1 hybridgroupjoin=1,
cedardb,query_63,4,4,1.000,hashjoin=4,
cedardb,query_64,2,2,1.000,hashjoin=2,
cedardb,query_65,2,2,1.000,hashjoin=2,
cedardb,query_66,32,32,1.000,hashjoin=24 singletonjoin=8,
cedardb,query_67,3,3,1.000,hashjoin=2 indexnljoin=1,
cedardb,query_68,7,9,1.286,hashjoin=8 hybridgroupjoin=1,
cedardb,query_69,16,16,1.000,hashjoin=16,
cedardb,query_7,3,4,1.333,hashjoin=4,
cedardb,query_70,5,4,0.800,hashjoin=3 hashtriejoin=1,
cedardb,query_71,5,5,1.000,hashjoin=5,
cedardb,query_72,5,,,,"ERROR:  aggregate functions are not allowed here
DETAIL:  at:         ,max(cast((select max(d_date) *error*  from date_dim where d_moy=11 and d_year=2001) as timestamp)) as max_sold_ts"
cedardb,query_73,4,4,1.000,hashjoin=3 indexnljoin=1,
cedardb,query_74,4,4,1.000,hashjoin=4,
cedardb,query_75,4,5,1.250,hashjoin=5,
cedardb,query_76,4,4,1.000,hashjoin=4,
cedardb,query_77,6,6,1.000,hashjoin=6,
cedardb,query_78,14,,,,"ERROR:  data type mismatch, unable to generalize types integer and varchar(32)
DETAIL:  at:  (select 'store channel' as channel
        , ss.s_store_sk as id
        , sales
        , coalesce(total_r"
cedardb,query_79,4,4,1.000,hashjoin=4,
cedardb,query_8,5,5,1.000,hashjoin=5,
cedardb,query_80,5,5,1.000,hashjoin=5,
cedardb,query_81,7,9,1.286,eagerrightgroupjoin=1 hashjoin=5 indexnljoin=1 singletonjoin=2,
cedardb,query_82,2,2,1.000,hashjoin=2,
cedardb,query_83,9,10,1.111,hashjoin=10,
cedardb,query_84,4,4,1.000,hashjoin=4,
cedardb,query_85,4,4,1.000,hashjoin=4,
cedardb,query_86,4,4,1.000,hashjoin=4,
cedardb,query_87,10,9,0.900,hashjoin=9,
cedardb,query_88,3,3,1.000,hashjoin=3,
cedardb,query_89,4,4,1.000,hashjoin=4,
cedardb,query_9,7,7,1.000,hashjoin=3 indexnljoin=4,
cedardb,query_90,6,,,,"ERROR:  distinct aggregate function count not supported in grouping sets
DETAIL:  at:         count(distinct ca_city) *error*  as distinct_city_count,"
cedardb,query_91,5,5,1.000,hashjoin=5,
cedardb,query_92,5,5,1.000,hashjoin=4 indexnljoin=1,
cedardb,query_93,11,11,1.000,hashjoin=11,
cedardb,query_94,4,4,1.000,hashjoin=4,
cedardb,query_95,6,6,1.000,hashjoin=5 indexnljoin=1,
cedardb,query_96,8,,,,"ERROR:  aggregate functions are not allowed here
DETAIL:  at:        ,max(cast((select max(d_date) *error*  from date_dim where d_week_seq in (select d_week_seq from date_dim where d_date in ('2000-01"
cedardb,query_97,12,12,1.000,hashjoin=11 singletonjoin=1,
cedardb,query_98,7,7,1.000,hashjoin=7,
cedardb,query_99,6,6,1.000,hashjoin=6,
cedardb,query_join_J100,98,91,0.929,hashjoin=91,
cedardb,query_join_J200,197,185,0.939,hashjoin=185,
cedardb,query_join_J50,54,50,0.926,hashjoin=50,
cedardb,query_union_U10,2,2,1.000,hashjoin=2,
cedardb,query_union_U2,2,2,1.000,hashjoin=2,
cedardb,query_union_U20,2,2,1.000,hashjoin=2,
cedardb,query_union_U200,2,2,1.000,hashjoin=2,
cedardb,query_union_U5,2,2,1.000,hashjoin=2,
