suite,query_id,latency_ms,status,n_rows,error
prodds,query_1,26.071,ok,1,
prodds,query_10,327.774,ok,10000,
prodds,query_11,49.026,ok,175,
prodds,query_12,86.146,ok,100,
prodds,query_13,45.457,ok,14,
prodds,query_14,69.273,ok,4769,
prodds,query_15,51.196,ok,2,
prodds,query_16,268.569,ok,9925,
prodds,query_17,51.926,ok,1,
prodds,query_18,97.244,ok,224,
prodds,query_19,128.581,ok,48,
prodds,query_2,103.405,ok,15455,
prodds,query_20,255.922,ok,583,
prodds,query_21,748.987,ok,167,
prodds,query_22,95.204,ok,977,
prodds,query_23,203.610,ok,8,
prodds,query_24,60.180,ok,20,
prodds,query_25,39.265,ok,1,
prodds,query_26,183.725,ok,40,
prodds,query_27,81.246,ok,1000,
prodds,query_28,130.942,ok,785,
prodds,query_29,138.625,ok,100,
prodds,query_3,525.758,ok,3109,
prodds,query_30,163.361,ok,17885,
prodds,query_31,33.682,ok,1,
prodds,query_32,119.385,ok,15104,
prodds,query_33,107.361,ok,10,
prodds,query_34,109.593,ok,7,
prodds,query_35,322.285,ok,1104,
prodds,query_36,72.512,ok,1,
prodds,query_37,91.361,ok,248,
prodds,query_38,97.972,ok,1,
prodds,query_39,119.967,ok,10,
prodds,query_4,57.456,ok,2,
prodds,query_40,20.901,ok,1,
prodds,query_41,269.471,ok,14692,
prodds,query_42,453.634,ok,44835,
prodds,query_43,247.780,ok,1,
prodds,query_44,45.691,ok,1,
prodds,query_45,99.058,ok,14533,
prodds,query_46,21129.748,ok,4569620,
prodds,query_47,533.988,ok,9387,
prodds,query_48,191.684,ok,106215,
prodds,query_49,70.761,ok,1,
prodds,query_5,96.237,ok,2433,
prodds,query_50,71.610,ok,139,
prodds,query_51,409.568,ok,67,
prodds,query_52,109.313,ok,4081,
prodds,query_53,129.410,ok,10410,
prodds,query_54,122.281,ok,1,
prodds,query_55,302.432,ok,16306,
prodds,query_56,72.227,ok,2200,
prodds,query_57,89.234,ok,90,
prodds,query_58,76.408,ok,3,
prodds,query_59,89.915,ok,5423,
prodds,query_6,114.657,ok,448,
prodds,query_60,89.547,ok,11,
prodds,query_61,66.694,ok,31,
prodds,query_62,32.381,ok,4,
prodds,query_63,347.603,ok,1,
prodds,query_64,40.297,ok,132,
prodds,query_65,24.808,ok,91,
prodds,query_66,164.198,ok,1,
prodds,query_67,26.446,ok,1,
prodds,query_68,136.342,ok,1,
prodds,query_69,364.235,ok,14157,
prodds,query_7,43.427,ok,1,
prodds,query_70,159.182,ok,9129,
prodds,query_71,185.303,ok,10000,
prodds,query_72,126.960,ok,10083,
prodds,query_73,64.983,ok,897,
prodds,query_74,92.538,ok,1,
prodds,query_75,39.618,ok,1,
prodds,query_76,150.405,ok,855,
prodds,query_77,117.238,ok,1,
prodds,query_78,50.828,ok,66,
prodds,query_79,43.471,ok,8,
prodds,query_8,82.075,ok,4095,
prodds,query_80,24.902,ok,297,
prodds,query_81,108.984,ok,1,
prodds,query_82,41.983,ok,496,
prodds,query_83,62.848,ok,1850,
prodds,query_84,99.039,ok,2513,
prodds,query_85,151.645,ok,2448,
prodds,query_86,94.781,ok,5228,
prodds,query_87,334.875,ok,1198,
prodds,query_88,114.981,ok,1541,
prodds,query_89,79.082,ok,684,
prodds,query_9,172.443,ok,17156,
prodds,query_90,92.320,ok,5,
prodds,query_91,118.225,ok,1,
prodds,query_92,95.794,ok,1,
prodds,query_93,233.482,ok,15,
prodds,query_94,121.851,ok,12,
prodds,query_95,56.453,ok,1,
prodds,query_96,93.465,ok,824,
prodds,query_97,79.085,ok,1,
prodds,query_98,99.714,ok,805,
prodds,query_99,77.602,ok,653,
prodds,query_join_J100,52365.768,ok,2875432,
prodds,query_join_J200,93315.403,ok,2875432,
prodds,query_join_J50,38550.758,ok,2875432,
prodds,query_union_U10,6963.500,ok,3541651,
prodds,query_union_U2,930.099,ok,490088,
prodds,query_union_U20,15179.082,ok,7674881,
prodds,query_union_U200,170504.275,ok,87390461,
prodds,query_union_U5,2438.177,ok,1264259,
tpcds,query_1,15.891,ok,1,
tpcds,query_10,178.116,ok,100,
tpcds,query_11,36.125,ok,100,
tpcds,query_12,49.747,ok,100,
tpcds,query_13,31.103,ok,23,
tpcds,query_14,25.264,ok,100,
tpcds,query_15,38.123,ok,17,
tpcds,query_16,152.755,ok,100,
tpcds,query_17,47.542,ok,1,
tpcds,query_18,104.164,ok,36,
tpcds,query_19,54.965,ok,4,
tpcds,query_2,69.395,ok,100,
tpcds,query_20,221.461,ok,18,
tpcds,query_21,695.887,ok,100,
tpcds,query_22,49.031,ok,100,
tpcds,query_23,187.188,ok,100,
tpcds,query_24,47.658,ok,100,
tpcds,query_25,32.054,ok,1,
tpcds,query_26,70.261,ok,100,
tpcds,query_27,31.110,ok,100,
tpcds,query_28,79.249,ok,100,
tpcds,query_29,54.187,ok,100,
tpcds,query_3,275.283,ok,100,
tpcds,query_30,171.529,ok,100,
tpcds,query_31,95.429,ok,100,
tpcds,query_32,101.294,ok,15243,
tpcds,query_33,68.517,ok,13,
tpcds,query_34,71.541,ok,8,
tpcds,query_35,789.908,ok,100,
tpcds,query_36,80.947,ok,1,
tpcds,query_37,107.607,ok,100,
tpcds,query_38,112.322,ok,1,
tpcds,query_39,72.671,ok,10,
tpcds,query_4,39.991,ok,3,
tpcds,query_40,16.547,ok,1,
tpcds,query_41,121.588,ok,0,
tpcds,query_42,277.707,ok,100,
tpcds,query_43,260.885,ok,1,
tpcds,query_44,24.668,ok,1,
tpcds,query_45,29.163,ok,100,
tpcds,query_46,919.468,ok,100,
tpcds,query_47,222.014,ok,100,
tpcds,query_48,50.805,ok,45,
tpcds,query_49,58.739,ok,1,
tpcds,query_5,97.322,ok,2433,
tpcds,query_50,85.822,ok,288,
tpcds,query_51,299.737,ok,100,
tpcds,query_52,75.502,ok,100,
tpcds,query_53,57.406,ok,4,
tpcds,query_54,96.526,ok,1,
tpcds,query_55,767.889,ok,100,
tpcds,query_56,44.109,ok,100,
tpcds,query_57,76.361,ok,100,
tpcds,query_58,112.462,ok,51,
tpcds,query_59,37.559,ok,100,
tpcds,query_6,100.011,ok,100,
tpcds,query_60,70.197,ok,51,
tpcds,query_61,57.088,ok,11,
tpcds,query_62,35.442,ok,19,
tpcds,query_63,577.182,ok,8,
tpcds,query_64,162.042,ok,100,
tpcds,query_65,207.390,ok,100,
tpcds,query_66,301.350,ok,1,
tpcds,query_67,83.593,ok,19,
tpcds,query_68,313.926,ok,1,
tpcds,query_69,351.450,ok,100,
tpcds,query_7,38.531,ok,1,
tpcds,query_70,227.037,ok,100,
tpcds,query_71,95.147,ok,100,
tpcds,query_72,78.808,ok,10757,
tpcds,query_73,37.903,ok,4497,
tpcds,query_74,104.370,ok,1,
tpcds,query_75,81.286,ok,6,
tpcds,query_76,175.825,ok,100,
tpcds,query_77,148.545,ok,1,
tpcds,query_78,39.265,ok,100,
tpcds,query_79,42.393,ok,54,
tpcds,query_8,59.867,ok,100,
tpcds,query_80,28.860,ok,100,
tpcds,query_81,63.967,ok,39,
tpcds,query_82,27.650,ok,100,
tpcds,query_83,55.576,ok,100,
tpcds,query_84,67.385,ok,2513,
tpcds,query_85,60.452,ok,100,
tpcds,query_86,39.395,ok,100,
tpcds,query_87,251.923,ok,100,
tpcds,query_88,47.252,ok,100,
tpcds,query_89,80.809,ok,100,
tpcds,query_9,39.961,ok,2,
tpcds,query_90,180.785,ok,100,
tpcds,query_91,82.525,ok,1,
tpcds,query_92,72.817,ok,2,
tpcds,query_93,316.030,ok,100,
tpcds,query_94,71.567,ok,100,
tpcds,query_95,65.109,ok,31,
tpcds,query_96,26.911,ok,100,
tpcds,query_97,76.827,ok,1,
tpcds,query_98,75.161,ok,100,
tpcds,query_99,35.856,ok,100,
dsb,agg_queries__s0_q00,28.788,ok,8,
dsb,agg_queries__s0_q01,78.672,ok,0,
dsb,agg_queries__s0_q02,83.257,ok,0,
dsb,agg_queries__s0_q03,40.073,ok,4,
dsb,agg_queries__s0_q04,13.726,ok,0,
dsb,agg_queries__s0_q05,64.246,ok,1,
dsb,agg_queries__s0_q06,83.403,ok,16,
dsb,agg_queries__s0_q07,252.710,ok,30,
dsb,agg_queries__s0_q08,28.837,ok,1,
dsb,agg_queries__s0_q09,43.587,ok,9,
dsb,agg_queries__s0_q10,33.804,ok,100,
dsb,agg_queries__s0_q11,79.651,ok,2,
dsb,agg_queries__s0_q12,48.976,ok,93,
dsb,agg_queries__s0_q13,77.717,ok,100,
dsb,agg_queries__s0_q14,16.951,ok,10,
dsb,agg_queries__s1_q00,30.110,ok,100,
dsb,agg_queries__s1_q01,12.093,ok,12,
dsb,agg_queries__s1_q02,42.949,ok,0,
dsb,agg_queries__s1_q03,76.926,ok,0,
dsb,agg_queries__s1_q04,61.922,ok,1,
dsb,agg_queries__s1_q05,29.502,ok,0,
dsb,agg_queries__s1_q06,73.085,ok,17,
dsb,agg_queries__s1_q07,82.670,ok,22,
dsb,agg_queries__s1_q08,25.157,ok,2,
dsb,agg_queries__s1_q09,111.890,ok,0,
dsb,agg_queries__s1_q10,13.343,ok,1,
dsb,agg_queries__s1_q11,49.454,ok,1,
dsb,agg_queries__s1_q12,55.337,ok,7,
dsb,agg_queries__s1_q13,223.831,ok,30,
dsb,agg_queries__s1_q14,75.099,ok,1,
dsb,multi_block_queries__s0_q00,28.825,ok,1,
dsb,multi_block_queries__s0_q01,164.144,ok,100,
dsb,multi_block_queries__s0_q02,18.948,ok,0,
dsb,multi_block_queries__s0_q03,33.254,ok,0,
dsb,multi_block_queries__s0_q04,48.187,ok,0,
dsb,multi_block_queries__s0_q05,121.759,ok,0,
dsb,multi_block_queries__s0_q06,181.177,ok,1,
dsb,multi_block_queries__s0_q07,55.267,ok,0,
dsb,multi_block_queries__s0_q08,34.200,ok,1,
dsb,multi_block_queries__s0_q09,24.412,ok,0,
dsb,multi_block_queries__s0_q10,45.196,ok,1,
dsb,multi_block_queries__s0_q11,61.358,ok,0,
dsb,multi_block_queries__s0_q12,19.721,ok,0,
dsb,multi_block_queries__s0_q13,49.892,ok,1,
dsb,multi_block_queries__s0_q14,84.273,ok,0,
dsb,multi_block_queries__s0_q15,115.985,ok,100,
dsb,multi_block_queries__s0_q16,30.572,ok,1,
dsb,multi_block_queries__s0_q17,29.708,ok,0,
dsb,multi_block_queries__s0_q18,78.124,ok,21,
dsb,multi_block_queries__s0_q19,79.445,ok,100,
dsb,multi_block_queries__s0_q20,66.869,ok,7,
dsb,multi_block_queries__s0_q21,83.236,ok,59,
dsb,multi_block_queries__s1_q00,191.246,ok,1,
dsb,multi_block_queries__s1_q01,25.198,ok,0,
dsb,multi_block_queries__s1_q02,22.690,ok,1,
dsb,multi_block_queries__s1_q03,38.717,ok,1,
dsb,multi_block_queries__s1_q04,18.031,ok,0,
dsb,multi_block_queries__s1_q05,22.206,ok,0,
dsb,multi_block_queries__s1_q06,30.296,ok,0,
dsb,multi_block_queries__s1_q07,29.940,ok,1,
dsb,multi_block_queries__s1_q08,48.689,ok,0,
dsb,multi_block_queries__s1_q09,37.296,ok,0,
dsb,multi_block_queries__s1_q10,82.962,ok,100,
dsb,multi_block_queries__s1_q11,64.304,ok,0,
dsb,multi_block_queries__s1_q12,57.188,ok,13,
dsb,multi_block_queries__s1_q13,46.051,ok,0,
dsb,multi_block_queries__s1_q14,131.640,ok,100,
dsb,multi_block_queries__s1_q15,105.816,ok,90,
dsb,multi_block_queries__s1_q16,62.577,ok,20,
dsb,multi_block_queries__s1_q17,126.774,ok,0,
dsb,multi_block_queries__s1_q18,32.470,ok,0,
dsb,multi_block_queries__s1_q19,81.806,ok,80,
dsb,multi_block_queries__s1_q20,35.957,ok,1,
dsb,multi_block_queries__s1_q21,65.343,ok,1,
dsb,spj_queries__s0_q00,31.027,ok,1,
dsb,spj_queries__s0_q01,82.522,ok,1,
dsb,spj_queries__s0_q02,72.742,ok,1,
dsb,spj_queries__s0_q03,30.710,ok,1,
dsb,spj_queries__s0_q04,12.830,ok,1,
dsb,spj_queries__s0_q05,63.995,ok,1,
dsb,spj_queries__s0_q06,83.235,ok,1,
dsb,spj_queries__s0_q07,135.892,ok,1,
dsb,spj_queries__s0_q08,11.040,ok,1,
dsb,spj_queries__s0_q09,22.330,ok,1,
dsb,spj_queries__s0_q10,24.698,ok,1,
dsb,spj_queries__s0_q11,57.320,ok,1,
dsb,spj_queries__s0_q12,55.498,ok,1,
dsb,spj_queries__s0_q13,60.856,ok,1,
dsb,spj_queries__s0_q14,11.507,ok,1,
dsb,spj_queries__s1_q00,23.364,ok,1,
dsb,spj_queries__s1_q01,10.907,ok,1,
dsb,spj_queries__s1_q02,55.576,ok,1,
dsb,spj_queries__s1_q03,93.763,ok,1,
dsb,spj_queries__s1_q04,75.532,ok,1,
dsb,spj_queries__s1_q05,26.172,ok,1,
dsb,spj_queries__s1_q06,41.349,ok,1,
dsb,spj_queries__s1_q07,71.001,ok,1,
dsb,spj_queries__s1_q08,12.562,ok,1,
dsb,spj_queries__s1_q09,118.465,ok,1,
dsb,spj_queries__s1_q10,30.891,ok,1,
dsb,spj_queries__s1_q11,45.327,ok,1,
dsb,spj_queries__s1_q12,46.257,ok,1,
dsb,spj_queries__s1_q13,40.450,ok,1,
dsb,spj_queries__s1_q14,54.195,ok,1,
job,10a,51.218,ok,1,
job,10b,25.713,ok,1,
job,10c,60.050,ok,1,
job,11a,20.040,ok,1,
job,11b,29.522,ok,1,
job,11c,47.417,ok,1,
job,11d,24.509,ok,1,
job,12a,50.817,ok,1,
job,12b,54.326,ok,1,
job,12c,62.525,ok,1,
job,13a,50.181,ok,1,
job,13b,56.672,ok,1,
job,13c,42.981,ok,1,
job,13d,64.606,ok,1,
job,14a,88.610,ok,1,
job,14b,53.107,ok,1,
job,14c,127.397,ok,1,
job,15a,0.286,error,0,"Parser Error: syntax error at or near ""at""  LINE 3: FROM aka_title AS at,                           ^"
job,15b,0.136,error,0,"Parser Error: syntax error at or near ""at""  LINE 3: FROM aka_title AS at,                           ^"
job,15c,0.119,error,0,"Parser Error: syntax error at or near ""at""  LINE 3: FROM aka_title AS at,                           ^"
job,15d,0.110,error,0,"Parser Error: syntax error at or near "".""  LINE 1: SELECT MIN(at.title) AS aka_title,                      ^"
job,16a,30.313,ok,1,
job,16b,136.414,ok,1,
job,16c,83.223,ok,1,
job,16d,65.671,ok,1,
job,17a,80.456,ok,1,
job,17b,109.673,ok,1,
job,17c,109.617,ok,1,
job,17d,85.417,ok,1,
job,17e,92.428,ok,1,
job,17f,105.020,ok,1,
job,18a,127.685,ok,1,
job,18b,70.043,ok,1,
job,18c,139.592,ok,1,
job,19a,102.720,ok,1,
job,19b,119.718,ok,1,
job,19c,85.643,ok,1,
job,19d,71.514,ok,1,
job,1a,26.595,ok,1,
job,1b,14.407,ok,1,
job,1c,18.611,ok,1,
job,1d,18.418,ok,1,
job,20a,185.321,ok,1,
job,20b,113.681,ok,1,
job,20c,116.853,ok,1,
job,21a,38.509,ok,1,
job,21b,33.789,ok,1,
job,21c,37.847,ok,1,
job,22a,115.106,ok,1,
job,22b,106.787,ok,1,
job,22c,139.455,ok,1,
job,22d,137.428,ok,1,
job,23a,54.738,ok,1,
job,23b,61.613,ok,1,
job,23c,58.686,ok,1,
job,24a,73.356,ok,1,
job,24b,38.810,ok,1,
job,25a,135.786,ok,1,
job,25b,49.514,ok,1,
job,25c,210.588,ok,1,
job,26a,125.042,ok,1,
job,26b,77.290,ok,1,
job,26c,136.050,ok,1,
job,27a,31.245,ok,1,
job,27b,29.968,ok,1,
job,27c,41.042,ok,1,
job,28a,145.008,ok,1,
job,28b,98.626,ok,1,
job,28c,127.009,ok,1,
job,29a,51.729,ok,1,
job,29b,49.660,ok,1,
job,29c,77.825,ok,1,
job,2a,36.184,ok,1,
job,2b,29.373,ok,1,
job,2c,14.281,ok,1,
job,2d,40.361,ok,1,
job,30a,113.567,ok,1,
job,30b,52.942,ok,1,
job,30c,159.577,ok,1,
job,31a,137.128,ok,1,
job,31b,62.883,ok,1,
job,31c,172.868,ok,1,
job,32a,11.081,ok,1,
job,32b,23.557,ok,1,
job,33a,22.602,ok,1,
job,33b,33.251,ok,1,
job,33c,25.844,ok,1,
job,3a,43.608,ok,1,
job,3b,31.326,ok,1,
job,3c,79.467,ok,1,
job,4a,71.321,ok,1,
job,4b,31.374,ok,1,
job,4c,111.793,ok,1,
job,5a,42.084,ok,1,
job,5b,32.432,ok,1,
job,5c,77.758,ok,1,
job,6a,48.405,ok,1,
job,6b,24.083,ok,1,
job,6c,26.114,ok,1,
job,6d,53.532,ok,1,
job,6e,51.222,ok,1,
job,6f,126.717,ok,1,
job,7a,50.408,ok,1,
job,7b,33.882,ok,1,
job,7c,474.105,ok,1,
job,8a,51.320,ok,1,
job,8b,80.022,ok,1,
job,8c,81.094,ok,1,
job,8d,58.178,ok,1,
job,9a,102.041,ok,1,
job,9b,125.212,ok,1,
job,9c,105.192,ok,1,
job,9d,104.726,ok,1,
redbench,q0000,14.131,ok,1,
redbench,q0001,5.270,ok,1,
redbench,q0002,6.741,ok,1,
redbench,q0003,2.289,ok,1,
redbench,q0004,2.940,ok,1,
redbench,q0005,3.290,ok,1,
redbench,q0006,4.542,ok,1,
redbench,q0007,4.173,ok,1,
redbench,q0008,2.586,ok,1,
redbench,q0009,5.600,ok,1,
redbench,q0010,2.601,ok,1,
redbench,q0011,1.967,ok,1,
redbench,q0012,1.926,ok,1,
redbench,q0013,3.625,ok,1,
redbench,q0014,1.506,ok,1,
redbench,q0015,5.564,ok,1,
redbench,q0016,1.407,ok,1,
redbench,q0017,4.685,ok,1,
redbench,q0018,6.189,ok,1,
redbench,q0019,2.946,ok,1,
redbench,q0020,2.148,ok,1,
redbench,q0021,5.876,ok,1,
redbench,q0022,1.790,ok,1,
redbench,q0023,7.215,ok,1,
redbench,q0024,1.683,ok,1,
redbench,q0025,1.529,ok,1,
redbench,q0026,5.856,ok,1,
redbench,q0027,5.833,ok,1,
redbench,q0028,1.601,ok,1,
redbench,q0029,1.994,ok,1,
redbench,q0030,4.267,ok,1,
redbench,q0031,1.443,ok,1,
redbench,q0032,1.387,ok,1,
redbench,q0033,1.361,ok,1,
redbench,q0034,2.509,ok,1,
redbench,q0035,1.343,ok,1,
redbench,q0036,2.480,ok,1,
redbench,q0037,2.043,ok,1,
redbench,q0038,2.940,ok,1,
redbench,q0039,2.623,ok,1,
redbench,q0040,5.309,ok,1,
redbench,q0041,1.377,ok,1,
redbench,q0042,1.872,ok,1,
redbench,q0043,1.615,ok,1,
redbench,q0044,5.224,ok,1,
redbench,q0045,2.989,ok,1,
redbench,q0046,6.941,ok,1,
redbench,q0047,6.458,ok,1,
redbench,q0048,1.475,ok,1,
redbench,q0049,6.483,ok,1,
redbench,q0050,1.446,ok,1,
redbench,q0051,1.464,ok,1,
redbench,q0052,1.326,ok,1,
redbench,q0053,4.603,ok,1,
redbench,q0054,1.366,ok,1,
redbench,q0055,2.033,ok,1,
redbench,q0056,5.125,ok,1,
redbench,q0057,2.594,ok,1,
redbench,q0058,6.039,ok,1,
redbench,q0059,3.062,ok,1,
redbench,q0060,4.786,ok,1,
redbench,q0061,1.825,ok,1,
redbench,q0062,1.404,ok,1,
redbench,q0063,1.629,ok,1,
redbench,q0064,3.548,ok,1,
redbench,q0065,2.560,ok,1,
redbench,q0066,4.487,ok,1,
redbench,q0067,2.600,ok,1,
redbench,q0068,1.385,ok,1,
redbench,q0069,1.545,ok,1,
redbench,q0070,2.337,ok,1,
redbench,q0071,1.434,ok,1,
redbench,q0072,5.221,ok,1,
redbench,q0073,1.376,ok,1,
redbench,q0074,3.488,ok,1,
redbench,q0075,3.435,ok,1,
redbench,q0076,2.311,ok,1,
redbench,q0077,3.581,ok,1,
redbench,q0078,6.986,ok,1,
redbench,q0079,2.169,ok,1,
redbench,q0080,1.760,ok,1,
redbench,q0081,1.713,ok,1,
redbench,q0082,5.052,ok,1,
redbench,q0083,1.502,ok,1,
redbench,q0084,3.130,ok,1,
redbench,q0085,5.317,ok,1,
redbench,q0086,6.231,ok,1,
redbench,q0087,2.145,ok,1,
redbench,q0088,1.404,ok,1,
redbench,q0089,1.379,ok,1,
redbench,q0090,1.786,ok,1,
redbench,q0091,1.320,ok,1,
redbench,q0092,4.522,ok,1,
redbench,q0093,12.523,ok,1,
redbench,q0094,4.859,ok,1,
redbench,q0095,3.239,ok,1,
redbench,q0096,2.236,ok,1,
redbench,q0097,1.906,ok,1,
redbench,q0098,1.648,ok,1,
redbench,q0099,1.573,ok,1,
redbench,q0100,4.370,ok,1,
redbench,q0101,5.338,ok,1,
redbench,q0102,3.350,ok,1,
redbench,q0103,3.107,ok,1,
redbench,q0104,3.357,ok,1,
redbench,q0105,1.428,ok,1,
redbench,q0106,1.819,ok,1,
redbench,q0107,2.036,ok,1,
redbench,q0108,6.770,ok,1,
redbench,q0109,2.528,ok,1,
redbench,q0110,4.964,ok,1,
redbench,q0111,2.470,ok,1,
redbench,q0112,1.531,ok,1,
redbench,q0113,1.659,ok,1,
redbench,q0114,3.174,ok,1,
redbench,q0115,1.566,ok,1,
redbench,q0116,1.767,ok,1,
redbench,q0117,1.454,ok,1,
redbench,q0118,1.755,ok,1,
redbench,q0119,1.540,ok,1,
redbench,q0120,2.834,ok,1,
redbench,q0121,2.453,ok,1,
redbench,q0122,3.930,ok,1,
redbench,q0123,2.583,ok,1,
redbench,q0124,2.413,ok,1,
redbench,q0125,1.536,ok,1,
redbench,q0126,1.676,ok,1,
redbench,q0127,2.322,ok,1,
redbench,q0128,3.145,ok,1,
redbench,q0129,2.058,ok,1,
redbench,q0130,4.109,ok,1,
redbench,q0131,3.725,ok,1,
redbench,q0132,1.489,ok,1,
redbench,q0133,1.546,ok,1,
redbench,q0134,2.576,ok,1,
redbench,q0135,2.444,ok,1,
redbench,q0136,2.101,ok,1,
redbench,q0137,3.109,ok,1,
redbench,q0138,3.124,ok,1,
redbench,q0139,2.591,ok,1,
redbench,q0140,1.785,ok,1,
redbench,q0141,1.502,ok,1,
redbench,q0142,3.361,ok,1,
redbench,q0143,2.988,ok,1,
redbench,q0144,1.418,ok,1,
redbench,q0145,2.702,ok,1,
redbench,q0146,2.153,ok,1,
redbench,q0147,5.344,ok,1,
redbench,q0148,4.009,ok,1,
redbench,q0149,1.687,ok,1,
redbench,q0150,1.553,ok,1,
redbench,q0151,1.577,ok,1,
redbench,q0152,1.512,ok,1,
redbench,q0153,2.706,ok,1,
redbench,q0154,2.542,ok,1,
redbench,q0155,2.316,ok,1,
redbench,q0156,1.437,ok,1,
redbench,q0157,1.852,ok,1,
redbench,q0158,1.489,ok,1,
redbench,q0159,1.993,ok,1,
redbench,q0160,1.924,ok,1,
redbench,q0161,3.036,ok,1,
redbench,q0162,87.999,ok,1,
redbench,q0163,2.678,ok,1,
redbench,q0164,4.165,ok,1,
redbench,q0165,31.307,ok,1,
redbench,q0166,81.387,ok,1,
redbench,q0167,64.655,ok,1,
redbench,q0168,70.380,ok,107,
redbench,q0169,76.407,ok,1,
redbench,q0170,101.510,ok,0,
redbench,q0171,3.030,ok,1,
redbench,q0172,4.841,ok,1,
redbench,q0173,1.706,ok,1,
redbench,q0174,42.506,ok,1,
redbench,q0175,2.805,ok,1,
redbench,q0176,3.215,ok,1,
redbench,q0177,1.600,ok,1,
redbench,q0178,3.089,ok,1,
redbench,q0179,31.731,ok,1,
redbench,q0180,5.435,ok,1,
redbench,q0181,1.803,ok,1,
redbench,q0182,1.611,ok,1,
redbench,q0183,4.452,ok,1,
redbench,q0184,1.428,ok,1,
redbench,q0185,1.422,ok,1,
redbench,q0186,5.256,ok,1,
redbench,q0187,1.423,ok,1,
redbench,q0188,32.260,ok,1,
redbench,q0189,4.999,ok,1,
redbench,q0190,1.788,ok,1,
redbench,q0191,1.589,ok,1,
redbench,q0192,33.871,ok,1,
redbench,q0193,2.146,ok,1,
redbench,q0194,1.703,ok,1,
redbench,q0195,1.552,ok,1,
redbench,q0196,2.382,ok,1,
redbench,q0197,1.915,ok,1,
redbench,q0198,28.546,ok,1,
redbench,q0199,1.944,ok,1,
redbench,q0200,2.482,ok,1,
redbench,q0201,2.132,ok,1,
redbench,q0202,31.615,ok,1,
redbench,q0203,2.306,ok,1,
redbench,q0204,2.326,ok,1,
redbench,q0205,1.984,ok,1,
redbench,q0206,1.626,ok,1,
redbench,q0207,1.599,ok,1,
redbench,q0208,1.512,ok,1,
redbench,q0209,1.964,ok,1,
redbench,q0210,50.624,ok,1,
redbench,q0211,2.025,ok,1,
redbench,q0212,2.324,ok,1,
redbench,q0213,1.947,ok,1,
redbench,q0214,2.585,ok,1,
redbench,q0215,29.227,ok,1,
redbench,q0216,1.962,ok,1,
redbench,q0217,1.671,ok,1,
redbench,q0218,1.954,ok,1,
redbench,q0219,3.678,ok,1,
redbench,q0220,1.533,ok,1,
redbench,q0221,1.494,ok,1,
redbench,q0222,1.389,ok,1,
redbench,q0223,1.559,ok,1,
redbench,q0224,1.850,ok,1,
redbench,q0225,1.677,ok,1,
redbench,q0226,1.430,ok,1,
redbench,q0227,31.875,ok,1,
redbench,q0228,2.326,ok,1,
redbench,q0229,1.522,ok,1,
redbench,q0230,32.578,ok,1,
redbench,q0231,2.921,ok,1,
redbench,q0232,1.741,ok,1,
redbench,q0233,1.909,ok,1,
redbench,q0234,1.857,ok,1,
redbench,q0235,2.211,ok,1,
redbench,q0236,1.711,ok,1,
redbench,q0237,1.529,ok,1,
redbench,q0238,1.546,ok,1,
redbench,q0239,1.533,ok,1,
redbench,q0240,2.931,ok,1,
redbench,q0241,4.397,ok,1,
redbench,q0242,1.624,ok,1,
redbench,q0243,3.036,ok,1,
redbench,q0244,79.926,ok,1,
redbench,q0245,2.458,ok,1,
redbench,q0246,2.285,ok,1,
redbench,q0247,26.276,ok,1,
redbench,q0248,1.856,ok,1,
redbench,q0249,2.467,ok,1,
redbench,q0250,2.005,ok,1,
redbench,q0251,1.329,ok,1,
redbench,q0252,1.371,ok,1,
redbench,q0253,3.497,ok,1,
redbench,q0254,1.899,ok,1,
redbench,q0255,1.961,ok,1,
redbench,q0256,2.552,ok,1,
redbench,q0257,2.176,ok,1,
redbench,q0258,1.679,ok,1,
redbench,q0259,2.207,ok,1,
redbench,q0260,4.013,ok,1,
redbench,q0261,1.618,ok,1,
redbench,q0262,28.594,ok,1,
redbench,q0263,2.535,ok,1,
redbench,q0264,1.997,ok,1,
redbench,q0265,4.059,ok,1,
redbench,q0266,1.404,ok,1,
redbench,q0267,1.469,ok,1,
redbench,q0268,5.186,ok,1,
redbench,q0269,3.707,ok,1,
redbench,q0270,1.471,ok,1,
redbench,q0271,1.978,ok,1,
redbench,q0272,1.462,ok,1,
redbench,q0273,1.472,ok,1,
redbench,q0274,1.992,ok,1,
redbench,q0275,1.936,ok,1,
redbench,q0276,2.418,ok,1,
redbench,q0277,1.867,ok,1,
redbench,q0278,31.138,ok,1,
redbench,q0279,2.140,ok,1,
redbench,q0280,1.444,ok,1,
redbench,q0281,1.683,ok,1,
redbench,q0282,1.350,ok,1,
redbench,q0283,3.564,ok,1,
redbench,q0284,1.493,ok,1,
redbench,q0285,1.455,ok,1,
redbench,q0286,1.935,ok,1,
redbench,q0287,1.508,ok,1,
redbench,q0288,1.531,ok,1,
redbench,q0289,1.458,ok,1,
redbench,q0290,4.431,ok,1,
redbench,q0291,1.469,ok,1,
redbench,q0292,1.401,ok,1,
redbench,q0293,30.742,ok,1,
redbench,q0294,2.581,ok,1,
redbench,q0295,3.901,ok,1,
redbench,q0296,2.515,ok,1,
redbench,q0297,8.336,ok,1,
redbench,q0298,3.129,ok,1,
redbench,q0299,1.503,ok,1,
redbench,q0300,2.134,ok,1,
redbench,q0301,2.217,ok,1,
redbench,q0302,33.061,ok,1,
redbench,q0303,5.070,ok,1,
redbench,q0304,1.977,ok,1,
redbench,q0305,1.617,ok,1,
redbench,q0306,2.371,ok,1,
redbench,q0307,1.969,ok,1,
redbench,q0308,32.957,ok,1,
redbench,q0309,1.928,ok,1,
redbench,q0310,2.217,ok,1,
redbench,q0311,4.944,ok,1,
redbench,q0312,2.545,ok,1,
redbench,q0313,2.485,ok,1,
redbench,q0314,2.563,ok,1,
redbench,q0315,1.954,ok,1,
redbench,q0316,2.381,ok,1,
redbench,q0317,2.577,ok,1,
redbench,q0318,32.154,ok,1,
redbench,q0319,2.366,ok,1,
redbench,q0320,2.016,ok,1,
redbench,q0321,2.250,ok,1,
redbench,q0322,1.442,ok,1,
redbench,q0323,1.621,ok,1,
redbench,q0324,2.123,ok,1,
redbench,q0325,1.987,ok,1,
redbench,q0326,2.010,ok,1,
redbench,q0327,2.082,ok,1,
redbench,q0328,2.115,ok,1,
redbench,q0329,1.891,ok,1,
redbench,q0330,2.132,ok,1,
redbench,q0331,1.826,ok,1,
redbench,q0332,3.376,ok,1,
redbench,q0333,1.362,ok,1,
redbench,q0334,1.652,ok,1,
redbench,q0335,2.871,ok,1,
redbench,q0336,6.773,ok,1,
redbench,q0337,1.849,ok,1,
redbench,q0338,2.114,ok,1,
redbench,q0339,1.542,ok,1,
redbench,q0340,1.539,ok,1,
redbench,q0341,3.385,ok,1,
redbench,q0342,2.051,ok,1,
redbench,q0343,2.008,ok,1,
redbench,q0344,1.409,ok,1,
redbench,q0345,2.712,ok,1,
redbench,q0346,1.399,ok,1,
redbench,q0347,5.387,ok,1,
redbench,q0348,1.795,ok,1,
redbench,q0349,2.221,ok,1,
redbench,q0350,2.326,ok,1,
redbench,q0351,2.027,ok,1,
redbench,q0352,1.805,ok,1,
redbench,q0353,1.895,ok,1,
redbench,q0354,2.050,ok,1,
redbench,q0355,3.228,ok,1,
redbench,q0356,2.298,ok,1,
redbench,q0357,5.040,ok,1,
redbench,q0358,1.977,ok,1,
redbench,q0359,2.003,ok,1,
redbench,q0360,1.756,ok,1,
redbench,q0361,3.486,ok,1,
redbench,q0362,1.590,ok,1,
redbench,q0363,1.469,ok,1,
redbench,q0364,1.731,ok,1,
redbench,q0365,4.385,ok,1,
redbench,q0366,2.607,ok,1,
redbench,q0367,3.041,ok,1,
redbench,q0368,2.442,ok,1,
redbench,q0369,1.669,ok,1,
redbench,q0370,3.048,ok,1,
redbench,q0371,2.011,ok,1,
redbench,q0372,1.641,ok,1,
redbench,q0373,1.405,ok,1,
redbench,q0374,2.739,ok,1,
redbench,q0375,1.712,ok,1,
redbench,q0376,1.927,ok,1,
redbench,q0377,2.472,ok,1,
redbench,q0378,3.740,ok,1,
redbench,q0379,2.170,ok,1,
redbench,q0380,2.119,ok,1,
redbench,q0381,1.456,ok,1,
redbench,q0382,1.633,ok,1,
redbench,q0383,1.705,ok,1,
redbench,q0384,4.166,ok,1,
redbench,q0385,5.789,ok,1,
redbench,q0386,3.467,ok,1,
redbench,q0387,3.233,ok,1,
redbench,q0388,1.467,ok,1,
redbench,q0389,3.169,ok,1,
redbench,q0390,1.496,ok,1,
redbench,q0391,1.435,ok,1,
redbench,q0392,1.359,ok,1,
redbench,q0393,3.819,ok,1,
redbench,q0394,1.522,ok,1,
redbench,q0395,2.086,ok,1,
redbench,q0396,2.874,ok,1,
redbench,q0397,2.001,ok,1,
redbench,q0398,1.854,ok,1,
redbench,q0399,2.775,ok,1,
redbench,q0400,1.405,ok,1,
redbench,q0401,1.757,ok,1,
redbench,q0402,3.422,ok,1,
redbench,q0403,1.613,ok,1,
redbench,q0404,3.002,ok,1,
redbench,q0405,3.612,ok,1,
redbench,q0406,2.757,ok,1,
redbench,q0407,1.411,ok,1,
redbench,q0408,3.456,ok,1,
redbench,q0409,1.502,ok,1,
redbench,q0410,1.422,ok,1,
redbench,q0411,1.372,ok,1,
redbench,q0412,2.872,ok,1,
redbench,q0413,1.309,ok,1,
redbench,q0414,2.236,ok,1,
redbench,q0415,2.364,ok,1,
redbench,q0416,2.020,ok,1,
redbench,q0417,2.699,ok,1,
redbench,q0418,1.884,ok,1,
redbench,q0419,1.430,ok,1,
redbench,q0420,2.090,ok,1,
redbench,q0421,1.821,ok,1,
redbench,q0422,1.740,ok,1,
redbench,q0423,3.662,ok,1,
redbench,q0424,3.860,ok,1,
redbench,q0425,3.689,ok,1,
redbench,q0426,2.578,ok,1,
redbench,q0427,1.458,ok,1,
redbench,q0428,1.369,ok,1,
redbench,q0429,1.523,ok,1,
redbench,q0430,1.444,ok,1,
redbench,q0431,2.770,ok,1,
redbench,q0432,81.727,ok,1,
redbench,q0433,2.166,ok,1,
redbench,q0434,2.715,ok,1,
redbench,q0435,2.086,ok,1,
redbench,q0436,2.014,ok,1,
redbench,q0437,3.253,ok,1,
redbench,q0438,2.005,ok,1,
redbench,q0439,1.520,ok,1,
redbench,q0440,1.753,ok,1,
redbench,q0441,1.347,ok,1,
redbench,q0442,4.591,ok,1,
redbench,q0443,3.199,ok,1,
redbench,q0444,3.398,ok,1,
redbench,q0445,3.486,ok,1,
redbench,q0446,3.182,ok,1,
redbench,q0447,1.411,ok,1,
redbench,q0448,1.411,ok,1,
redbench,q0449,1.430,ok,1,
redbench,q0450,1.660,ok,1,
redbench,q0451,3.460,ok,1,
redbench,q0452,1.592,ok,1,
redbench,q0453,2.262,ok,1,
redbench,q0454,1.770,ok,1,
redbench,q0455,2.011,ok,1,
redbench,q0456,1.936,ok,1,
redbench,q0457,2.364,ok,1,
redbench,q0458,1.691,ok,1,
redbench,q0459,3.941,ok,1,
redbench,q0460,1.874,ok,1,
redbench,q0461,1.889,ok,1,
redbench,q0462,3.518,ok,1,
redbench,q0463,2.896,ok,1,
redbench,q0464,3.566,ok,1,
redbench,q0465,2.942,ok,1,
redbench,q0466,1.394,ok,1,
redbench,q0467,1.454,ok,1,
redbench,q0468,1.807,ok,1,
redbench,q0469,1.321,ok,1,
redbench,q0470,1.986,ok,1,
redbench,q0471,1.766,ok,1,
redbench,q0472,1.964,ok,1,
redbench,q0473,1.853,ok,1,
redbench,q0474,1.933,ok,1,
redbench,q0475,2.115,ok,1,
redbench,q0476,3.371,ok,1,
redbench,q0477,1.593,ok,1,
redbench,q0478,1.483,ok,1,
redbench,q0479,1.733,ok,1,
redbench,q0480,3.648,ok,1,
redbench,q0481,2.797,ok,1,
redbench,q0482,3.345,ok,1,
redbench,q0483,4.434,ok,1,
redbench,q0484,2.053,ok,1,
redbench,q0485,1.472,ok,1,
redbench,q0486,1.701,ok,1,
redbench,q0487,1.658,ok,1,
redbench,q0488,2.040,ok,1,
redbench,q0489,3.722,ok,1,
redbench,q0490,1.705,ok,1,
redbench,q0491,3.145,ok,1,
redbench,q0492,1.904,ok,1,
redbench,q0493,2.765,ok,1,
redbench,q0494,1.950,ok,1,
redbench,q0495,1.995,ok,1,
redbench,q0496,1.420,ok,1,
redbench,q0497,1.758,ok,1,
redbench,q0498,1.581,ok,1,
redbench,q0499,3.688,ok,1,
redbench,q0500,3.034,ok,1,
redbench,q0501,2.096,ok,1,
redbench,q0502,3.933,ok,1,
redbench,q0503,2.859,ok,1,
redbench,q0504,1.645,ok,1,
redbench,q0505,1.526,ok,1,
redbench,q0506,1.393,ok,1,
redbench,q0507,4.364,ok,1,
redbench,q0508,1.663,ok,1,
redbench,q0509,1.657,ok,1,
redbench,q0510,2.278,ok,1,
redbench,q0511,1.874,ok,1,
redbench,q0512,1.890,ok,1,
redbench,q0513,1.966,ok,1,
redbench,q0514,3.416,ok,1,
redbench,q0515,1.494,ok,1,
redbench,q0516,2.106,ok,1,
redbench,q0517,1.592,ok,1,
redbench,q0518,1.654,ok,1,
redbench,q0519,3.734,ok,1,
redbench,q0520,5.149,ok,1,
redbench,q0521,1.698,ok,1,
redbench,q0522,3.349,ok,1,
redbench,q0523,2.969,ok,1,
redbench,q0524,1.426,ok,1,
redbench,q0525,1.522,ok,1,
redbench,q0526,1.703,ok,1,
redbench,q0527,3.611,ok,1,
redbench,q0528,1.797,ok,1,
redbench,q0529,1.943,ok,1,
redbench,q0530,1.975,ok,1,
redbench,q0531,2.127,ok,1,
redbench,q0532,1.777,ok,1,
redbench,q0533,2.645,ok,1,
redbench,q0534,1.440,ok,1,
redbench,q0535,1.611,ok,1,
redbench,q0536,1.847,ok,1,
redbench,q0537,3.509,ok,1,
redbench,q0538,4.037,ok,1,
redbench,q0539,3.695,ok,1,
redbench,q0540,3.308,ok,1,
redbench,q0541,1.371,ok,1,
redbench,q0542,2.902,ok,1,
redbench,q0543,1.391,ok,1,
redbench,q0544,1.413,ok,1,
redbench,q0545,1.695,ok,1,
redbench,q0546,5.833,ok,1,
redbench,q0547,1.304,ok,1,
redbench,q0548,2.079,ok,1,
redbench,q0549,2.194,ok,1,
redbench,q0550,1.476,ok,1,
redbench,q0551,1.940,ok,1,
redbench,q0552,2.800,ok,1,
redbench,q0553,2.151,ok,1,
redbench,q0554,2.209,ok,1,
redbench,q0555,1.721,ok,1,
redbench,q0556,1.946,ok,1,
redbench,q0557,1.837,ok,1,
redbench,q0558,1.830,ok,1,
redbench,q0559,4.729,ok,1,
redbench,q0560,1.936,ok,1,
redbench,q0561,3.249,ok,1,
redbench,q0562,1.455,ok,1,
redbench,q0563,1.738,ok,1,
redbench,q0564,1.804,ok,1,
redbench,q0565,2.362,ok,1,
redbench,q0566,2.779,ok,1,
redbench,q0567,5.916,ok,1,
redbench,q0568,3.250,ok,1,
redbench,q0569,3.020,ok,1,
redbench,q0570,1.542,ok,1,
redbench,q0571,1.470,ok,1,
redbench,q0572,1.736,ok,1,
redbench,q0573,2.525,ok,1,
redbench,q0574,1.771,ok,1,
redbench,q0575,2.017,ok,1,
redbench,q0576,1.693,ok,1,
redbench,q0577,3.366,ok,1,
redbench,q0578,3.200,ok,1,
redbench,q0579,1.486,ok,1,
redbench,q0580,1.364,ok,1,
redbench,q0581,1.805,ok,1,
redbench,q0582,1.539,ok,1,
redbench,q0583,1.971,ok,1,
redbench,q0584,1.602,ok,1,
redbench,q0585,1.808,ok,1,
redbench,q0586,1.415,ok,1,
redbench,q0587,1.467,ok,1,
redbench,q0588,2.914,ok,1,
redbench,q0589,1.789,ok,1,
redbench,q0590,1.383,ok,1,
redbench,q0591,2.541,ok,1,
redbench,q0592,1.518,ok,1,
redbench,q0593,2.033,ok,1,
redbench,q0594,1.549,ok,1,
redbench,q0595,3.085,ok,1,
redbench,q0596,1.926,ok,1,
redbench,q0597,1.875,ok,1,
redbench,q0598,1.808,ok,1,
redbench,q0599,2.071,ok,1,
redbench,q0600,1.567,ok,1,
redbench,q0601,1.779,ok,1,
redbench,q0602,2.764,ok,1,
redbench,q0603,1.621,ok,1,
redbench,q0604,2.772,ok,1,
redbench,q0605,3.139,ok,1,
redbench,q0606,1.535,ok,1,
redbench,q0607,1.930,ok,1,
redbench,q0608,1.664,ok,1,
redbench,q0609,1.845,ok,1,
redbench,q0610,1.894,ok,1,
redbench,q0611,2.797,ok,1,
redbench,q0612,4.581,ok,1,
redbench,q0613,1.381,ok,1,
redbench,q0614,2.608,ok,1,
redbench,q0615,2.606,ok,1,
redbench,q0616,2.015,ok,1,
redbench,q0617,1.882,ok,1,
redbench,q0618,1.955,ok,1,
redbench,q0619,2.799,ok,1,
redbench,q0620,58.160,ok,1,
redbench,q0621,77.468,ok,1,
redbench,q0622,53.465,ok,1,
redbench,q0623,40.087,ok,16,
redbench,q0624,138.061,ok,46,
redbench,q0625,2.688,ok,1,
redbench,q0626,3.584,ok,1,
redbench,q0627,1.684,ok,1,
redbench,q0628,1.376,ok,1,
redbench,q0629,2.039,ok,1,
redbench,q0630,1.404,ok,1,
redbench,q0631,47.149,ok,1,
redbench,q0632,2.316,ok,1,
redbench,q0633,2.330,ok,1,
redbench,q0634,2.803,ok,1,
redbench,q0635,2.509,ok,1,
redbench,q0636,81.028,ok,1,
redbench,q0637,3.472,ok,1,
redbench,q0638,1.948,ok,1,
redbench,q0639,2.162,ok,1,
redbench,q0640,1.327,ok,1,
redbench,q0641,1.601,ok,1,
redbench,q0642,1.376,ok,1,
redbench,q0643,2.877,ok,1,
redbench,q0644,1.614,ok,1,
redbench,q0645,43.692,ok,1,
redbench,q0646,5.152,ok,1,
redbench,q0647,74.636,ok,1,
redbench,q0648,2.683,ok,1,
redbench,q0649,2.510,ok,1,
redbench,q0650,1.737,ok,1,
redbench,q0651,1.444,ok,1,
redbench,q0652,1.353,ok,1,
redbench,q0653,1.336,ok,1,
redbench,q0654,3.421,ok,1,
redbench,q0655,26.767,ok,1,
redbench,q0656,1.681,ok,1,
redbench,q0657,1.338,ok,1,
redbench,q0658,2.990,ok,1,
redbench,q0659,3.166,ok,1,
redbench,q0660,72.440,ok,1,
redbench,q0661,3.075,ok,1,
redbench,q0662,2.423,ok,1,
redbench,q0663,1.445,ok,1,
redbench,q0664,1.348,ok,1,
redbench,q0665,1.920,ok,1,
redbench,q0666,48.044,ok,1,
redbench,q0667,1.932,ok,1,
redbench,q0668,81.135,ok,1,
redbench,q0669,2.697,ok,1,
redbench,q0670,2.449,ok,1,
redbench,q0671,2.044,ok,1,
redbench,q0672,2.422,ok,1,
redbench,q0673,1.938,ok,1,
redbench,q0674,1.460,ok,1,
redbench,q0675,1.393,ok,1,
redbench,q0676,3.364,ok,1,
redbench,q0677,47.802,ok,1,
redbench,q0678,3.690,ok,1,
redbench,q0679,1.533,ok,1,
redbench,q0680,74.427,ok,1,
redbench,q0681,2.666,ok,1,
redbench,q0682,1.628,ok,1,
redbench,q0683,2.738,ok,1,
redbench,q0684,1.918,ok,1,
redbench,q0685,1.449,ok,1,
redbench,q0686,65.484,ok,1,
redbench,q0687,2.109,ok,1,
redbench,q0688,2.019,ok,1,
redbench,q0689,1.709,ok,1,
redbench,q0690,2.003,ok,1,
redbench,q0691,77.987,ok,1,
redbench,q0692,2.244,ok,1,
redbench,q0693,1.558,ok,1,
redbench,q0694,2.006,ok,1,
redbench,q0695,37.971,ok,1,
redbench,q0696,3.719,ok,1,
redbench,q0697,3.167,ok,1,
redbench,q0698,1.364,ok,1,
redbench,q0699,59.425,ok,1,
redbench,q0700,2.561,ok,1,
redbench,q0701,1.317,ok,1,
redbench,q0702,1.401,ok,1,
redbench,q0703,2.768,ok,1,
redbench,q0704,1.440,ok,1,
redbench,q0705,1.253,ok,1,
redbench,q0706,1.257,ok,1,
redbench,q0707,1.911,ok,1,
redbench,q0708,1.827,ok,1,
redbench,q0709,2.463,ok,1,
redbench,q0710,1.770,ok,1,
redbench,q0711,1.400,ok,1,
redbench,q0712,1.257,ok,1,
redbench,q0713,1.266,ok,1,
redbench,q0714,1.637,ok,1,
redbench,q0715,1.640,ok,1,
redbench,q0716,1.494,ok,1,
redbench,q0717,1.516,ok,1,
redbench,q0718,1.204,ok,1,
redbench,q0719,1.761,ok,1,
redbench,q0720,2.422,ok,1,
redbench,q0721,3.646,ok,1,
redbench,q0722,2.046,ok,1,
redbench,q0723,2.533,ok,1,
redbench,q0724,1.883,ok,1,
redbench,q0725,2.545,ok,1,
redbench,q0726,1.809,ok,1,
redbench,q0727,2.047,ok,1,
redbench,q0728,2.122,ok,1,
redbench,q0729,1.934,ok,1,
redbench,q0730,3.347,ok,1,
redbench,q0731,1.784,ok,1,
redbench,q0732,2.431,ok,1,
redbench,q0733,1.346,ok,1,
redbench,q0734,1.552,ok,1,
redbench,q0735,2.609,ok,1,
redbench,q0736,2.984,ok,1,
redbench,q0737,4.104,ok,1,
redbench,q0738,4.471,ok,1,
redbench,q0739,1.374,ok,1,
redbench,q0740,1.417,ok,1,
redbench,q0741,2.492,ok,1,
redbench,q0742,1.451,ok,1,
redbench,q0743,1.681,ok,1,
redbench,q0744,1.725,ok,1,
redbench,q0745,1.380,ok,1,
redbench,q0746,2.218,ok,1,
redbench,q0747,1.416,ok,1,
redbench,q0748,3.654,ok,1,
redbench,q0749,2.361,ok,1,
redbench,q0750,1.340,ok,1,
redbench,q0751,2.131,ok,1,
redbench,q0752,82.876,ok,1,
redbench,q0753,2.124,ok,1,
redbench,q0754,1.570,ok,1,
redbench,q0755,1.436,ok,1,
redbench,q0756,1.425,ok,1,
redbench,q0757,1.328,ok,1,
redbench,q0758,4.497,ok,1,
redbench,q0759,2.046,ok,1,
redbench,q0760,1.291,ok,1,
redbench,q0761,1.331,ok,1,
redbench,q0762,3.363,ok,1,
redbench,q0763,1.908,ok,1,
redbench,q0764,3.523,ok,1,
redbench,q0765,2.359,ok,1,
redbench,q0766,49.225,ok,1,
redbench,q0767,74.420,ok,1,
redbench,q0768,5.703,ok,1,
redbench,q0769,3.001,ok,1,
redbench,q0770,2.284,ok,1,
redbench,q0771,1.430,ok,1,
redbench,q0772,1.827,ok,1,
redbench,q0773,1.962,ok,1,
redbench,q0774,3.726,ok,1,
redbench,q0775,2.009,ok,1,
redbench,q0776,1.862,ok,1,
redbench,q0777,3.738,ok,1,
redbench,q0778,2.091,ok,1,
redbench,q0779,2.236,ok,1,
redbench,q0780,2.188,ok,1,
redbench,q0781,1.803,ok,1,
redbench,q0782,1.857,ok,1,
redbench,q0783,1.603,ok,1,
redbench,q0784,2.235,ok,1,
redbench,q0785,2.432,ok,1,
redbench,q0786,1.896,ok,1,
redbench,q0787,1.860,ok,1,
redbench,q0788,2.725,ok,1,
redbench,q0789,34.432,ok,1,
redbench,q0790,2.731,ok,1,
redbench,q0791,2.028,ok,1,
redbench,q0792,2.195,ok,1,
redbench,q0793,1.600,ok,1,
redbench,q0794,1.992,ok,1,
redbench,q0795,1.483,ok,1,
redbench,q0796,2.050,ok,1,
redbench,q0797,1.983,ok,1,
redbench,q0798,2.416,ok,1,
redbench,q0799,2.104,ok,1,
redbench,q0800,2.082,ok,1,
redbench,q0801,1.591,ok,1,
redbench,q0802,4.887,ok,1,
redbench,q0803,2.334,ok,1,
redbench,q0804,1.688,ok,1,
redbench,q0805,4.767,ok,1,
redbench,q0806,1.804,ok,1,
redbench,q0807,5.079,ok,1,
redbench,q0808,1.573,ok,1,
redbench,q0809,4.539,ok,1,
redbench,q0810,1.378,ok,1,
redbench,q0811,3.009,ok,1,
redbench,q0812,1.482,ok,1,
redbench,q0813,1.365,ok,1,
redbench,q0814,3.341,ok,1,
redbench,q0815,3.577,ok,1,
redbench,q0816,1.940,ok,1,
redbench,q0817,1.406,ok,1,
redbench,q0818,2.042,ok,1,
redbench,q0819,2.073,ok,1,
redbench,q0820,2.139,ok,1,
redbench,q0821,1.913,ok,1,
redbench,q0822,3.959,ok,1,
redbench,q0823,1.864,ok,1,
redbench,q0824,1.509,ok,1,
redbench,q0825,1.583,ok,1,
redbench,q0826,2.176,ok,1,
redbench,q0827,2.954,ok,1,
redbench,q0828,3.080,ok,1,
redbench,q0829,2.825,ok,1,
redbench,q0830,1.606,ok,1,
redbench,q0831,2.247,ok,1,
redbench,q0832,1.622,ok,1,
redbench,q0833,2.108,ok,1,
redbench,q0834,1.456,ok,1,
redbench,q0835,2.949,ok,1,
redbench,q0836,1.328,ok,1,
redbench,q0837,1.981,ok,1,
redbench,q0838,2.032,ok,1,
redbench,q0839,79.883,ok,1,
redbench,q0840,41.892,ok,1,
redbench,q0841,29.561,ok,1,
redbench,q0842,51.230,ok,1,
redbench,q0843,70.023,ok,1,
redbench,q0844,56.365,ok,1,
redbench,q0845,44.923,ok,1,
redbench,q0846,64.233,ok,1,
redbench,q0847,30.782,ok,1,
redbench,q0848,33.297,ok,1,
redbench,q0849,33.470,ok,1,
redbench,q0850,33.055,ok,1,
redbench,q0851,2.975,ok,1,
redbench,q0852,2.764,ok,1,
redbench,q0853,2.773,ok,1,
redbench,q0854,1.799,ok,1,
redbench,q0855,1.587,ok,1,
redbench,q0856,4.186,ok,1,
redbench,q0857,1.849,ok,1,
redbench,q0858,3.098,ok,1,
redbench,q0859,3.074,ok,1,
redbench,q0860,2.778,ok,1,
redbench,q0861,2.673,ok,1,
redbench,q0862,1.423,ok,1,
redbench,q0863,1.482,ok,1,
redbench,q0864,2.063,ok,1,
redbench,q0865,3.279,ok,1,
redbench,q0866,1.611,ok,1,
redbench,q0867,72.954,ok,1,
redbench,q0868,2.613,ok,1,
redbench,q0869,1.995,ok,1,
redbench,q0870,1.894,ok,1,
redbench,q0871,1.818,ok,1,
redbench,q0872,2.110,ok,1,
redbench,q0873,2.557,ok,1,
redbench,q0874,1.803,ok,1,
redbench,q0875,1.532,ok,1,
redbench,q0876,1.361,ok,1,
redbench,q0877,2.280,ok,1,
redbench,q0878,2.737,ok,1,
redbench,q0879,2.005,ok,1,
redbench,q0880,2.967,ok,1,
redbench,q0881,4.038,ok,1,
redbench,q0882,1.334,ok,1,
redbench,q0883,1.417,ok,1,
redbench,q0884,1.240,ok,1,
redbench,q0885,1.312,ok,1,
redbench,q0886,2.459,ok,1,
redbench,q0887,1.751,ok,1,
redbench,q0888,2.181,ok,1,
redbench,q0889,1.787,ok,1,
redbench,q0890,2.058,ok,1,
redbench,q0891,2.351,ok,1,
redbench,q0892,1.580,ok,1,
redbench,q0893,1.484,ok,1,
redbench,q0894,1.935,ok,1,
redbench,q0895,1.321,ok,1,
redbench,q0896,2.688,ok,1,
redbench,q0897,2.289,ok,1,
redbench,q0898,2.820,ok,1,
redbench,q0899,2.391,ok,1,
redbench,q0900,1.535,ok,1,
redbench,q0901,5.853,ok,1,
redbench,q0902,1.593,ok,1,
redbench,q0903,1.405,ok,1,
redbench,q0904,3.224,ok,1,
redbench,q0905,1.466,ok,1,
redbench,q0906,2.789,ok,1,
redbench,q0907,2.003,ok,1,
redbench,q0908,2.019,ok,1,
redbench,q0909,2.057,ok,1,
redbench,q0910,1.807,ok,1,
redbench,q0911,2.960,ok,1,
redbench,q0912,1.553,ok,1,
redbench,q0913,1.615,ok,1,
redbench,q0914,2.162,ok,1,
redbench,q0915,1.761,ok,1,
redbench,q0916,3.089,ok,1,
redbench,q0917,2.170,ok,1,
redbench,q0918,4.138,ok,1,
redbench,q0919,1.421,ok,1,
redbench,q0920,4.541,ok,1,
redbench,q0921,1.834,ok,1,
redbench,q0922,1.658,ok,1,
redbench,q0923,1.322,ok,1,
redbench,q0924,2.069,ok,1,
redbench,q0925,1.935,ok,1,
redbench,q0926,1.989,ok,1,
redbench,q0927,2.012,ok,1,
redbench,q0928,2.023,ok,1,
redbench,q0929,1.726,ok,1,
redbench,q0930,4.991,ok,1,
redbench,q0931,1.647,ok,1,
redbench,q0932,3.982,ok,1,
redbench,q0933,1.638,ok,1,
redbench,q0934,2.675,ok,1,
redbench,q0935,1.743,ok,1,
redbench,q0936,2.268,ok,1,
redbench,q0937,2.050,ok,1,
redbench,q0938,4.216,ok,1,
redbench,q0939,1.475,ok,1,
redbench,q0940,1.533,ok,1,
redbench,q0941,1.352,ok,1,
redbench,q0942,1.340,ok,1,
redbench,q0943,2.475,ok,1,
redbench,q0944,1.385,ok,1,
redbench,q0945,2.147,ok,1,
redbench,q0946,2.094,ok,1,
redbench,q0947,2.061,ok,1,
redbench,q0948,3.752,ok,1,
redbench,q0949,3.017,ok,1,
redbench,q0950,1.583,ok,1,
redbench,q0951,3.828,ok,1,
redbench,q0952,1.548,ok,1,
redbench,q0953,1.806,ok,1,
redbench,q0954,2.140,ok,1,
redbench,q0955,2.049,ok,1,
redbench,q0956,2.941,ok,1,
redbench,q0957,1.393,ok,1,
redbench,q0958,2.243,ok,1,
redbench,q0959,1.405,ok,1,
redbench,q0960,1.323,ok,1,
redbench,q0961,1.744,ok,1,
redbench,q0962,4.081,ok,1,
redbench,q0963,1.320,ok,1,
redbench,q0964,2.058,ok,1,
redbench,q0965,1.927,ok,1,
redbench,q0966,1.946,ok,1,
redbench,q0967,4.512,ok,1,
redbench,q0968,2.040,ok,1,
redbench,q0969,4.451,ok,1,
redbench,q0970,1.928,ok,1,
redbench,q0971,1.630,ok,1,
redbench,q0972,3.142,ok,1,
redbench,q0973,1.742,ok,1,
redbench,q0974,2.199,ok,1,
redbench,q0975,2.588,ok,1,
redbench,q0976,2.772,ok,1,
redbench,q0977,1.382,ok,1,
redbench,q0978,1.505,ok,1,
redbench,q0979,1.364,ok,1,
redbench,q0980,1.284,ok,1,
redbench,q0981,2.782,ok,1,
redbench,q0982,1.446,ok,1,
redbench,q0983,2.788,ok,1,
redbench,q0984,1.968,ok,1,
redbench,q0985,2.128,ok,1,
redbench,q0986,1.871,ok,1,
redbench,q0987,3.311,ok,1,
redbench,q0988,1.893,ok,1,
redbench,q0989,2.788,ok,1,
redbench,q0990,1.823,ok,1,
redbench,q0991,1.689,ok,1,
redbench,q0992,2.116,ok,1,
redbench,q0993,2.611,ok,1,
redbench,q0994,2.651,ok,1,
redbench,q0995,1.470,ok,1,
redbench,q0996,1.600,ok,1,
redbench,q0997,2.897,ok,1,
redbench,q0998,1.353,ok,1,
redbench,q0999,1.705,ok,1,
